BVC;CANACOL;ISA;GRUBOLIVAR;PFDAVVNDA;ECOPETROL;PFBCOLOM;BCOLOMBIA;COLCAP
21;25300;8600;45120;27100;1955;28480;27640;1484
19;23000;7930;45120;25840;1815;27820;27260;1419
19;20875;7850;45120;26300;1835;28180;27460;1420
20;22275;7920;45120;26500;1885;27960;27200;1422
20;22700;8000;45120;27380;1960;27380;26600;1433
20;24450;8280;45120;26500;1965;27320;26700;1427
20;24800;7850;45120;26220;1915;27980;27000;1412
20;25850;7780;45120;26000;1895;27260;26200;1388
20;24450;7720;45120;26000;1850;27320;26520;1381
20;26950;7630;45120;25720;1880;27000;26400;1376
19;28350;7550;45120;26280;1850;27160;26500;1376
19;29900;7600;45120;25900;1870;27380;26500;1377
19;31250;7730;45120;26140;1930;27400;26480;1388
19;29000;8060;45120;26920;1950;27700;26900;1412
20;28750;7960;45120;27080;2010;28000;27020;1423
20;29400;7800;45120;27240;2035;28560;27520;1426
20;31450;8000;45120;26800;2030;28580;27480;1424
20;32350;7840;45120;26000;1975;28340;27340;1408
19;31250;7740;45120;25980;1965;28420;27460;1408
19;34500;7500;43500;25620;1955;28880;27460;1389
19;34950;7570;43500;26180;2080;28420;26680;1408
20;38350;7760;45000;27000;2305;28220;26960;1436
20;36000;7970;45000;27280;2190;27940;26800;1428
19;37700;8020;45000;26900;2230;27940;26900;1434
19;35650;8120;51000;27000;2215;28000;26980;1437
19;32600;7930;51000;26100;2220;27640;26700;1426
19;29950;7700;51000;25580;2090;27560;26320;1403
19;29300;7690;51000;25300;2070;27300;26280;1382
19;30300;7730;51000;25300;2125;26660;25600;1381
19;31000;7900;51000;25500;2200;26760;25760;1398
19;31000;7950;51000;25500;2185;26680;25440;1399
19;30500;7960;51000;25700;2195;26480;25380;1397
19;29800;7900;49000;25700;2190;26620;25460;1398
19;29700;7810;51000;25400;2150;26600;25500;1387
19;29000;7810;52500;24720;2110;26400;25380;1369
19;27250;7880;52540;25000;2140;26460;25460;1376
19;27050;7870;52540;25200;2150;26000;25200;1365
19;28250;7820;52540;25380;2145;25960;24800;1363
19;27350;7870;52540;26100;2090;25940;24740;1362
19;27600;7810;52540;26400;2085;25800;25080;1368
19;29050;7760;52620;26200;2005;25400;24440;1343
19;30250;7650;52620;26480;1895;25480;24460;1317
18;31000;7660;52620;26220;1920;25300;24340;1322
19;29750;7660;52620;25380;1905;25000;24000;1312
18;28500;7450;52620;25100;1875;24200;23300;1280
18;27250;7600;52620;25100;1800;23800;23000;1258
17;24750;7450;52620;23760;1820;24060;23300;1250
17;26000;7300;52620;23580;1850;24160;22300;1250
17;27050;7360;52620;24260;1875;24620;23400;1270
17;27200;7390;52620;25500;1880;25180;23860;1282
17;26300;7400;52620;25940;1870;25600;24680;1288
18;28700;7450;52540;26000;1905;25600;24700;1289
18;32000;7510;52540;26480;1925;26100;25100;1305
18;30850;7410;52500;26480;1870;25940;25300;1297
17;31500;7380;52500;25600;1975;25500;25100;1292
18;32300;7410;52500;26460;1935;24360;23360;1285
18;31700;7400;53020;26600;1965;25100;24480;1298
18;30700;7420;53020;26500;1995;24980;23980;1300
18;29800;7400;53020;26000;1970;24800;23800;1295
18;29500;7400;53020;25500;1970;25060;23880;1297
18;29550;7430;53020;25300;1975;25400;24500;1305
18;31250;7660;53020;25860;2000;26000;24400;1330
18;31800;7730;53020;26400;2065;26300;25340;1351
19;32350;7740;53020;26400;2065;25940;25000;1356
19;31500;7800;53020;26900;2015;25800;24800;1345
19;32250;7880;53020;26940;2035;25980;25040;1348
19;32200;7850;53020;26460;2020;25960;24980;1348
19;32300;7900;53020;26400;2030;26360;25380;1357
19;34300;7950;53000;26260;2045;26680;25560;1359
19;36500;7870;53060;26400;2070;26580;25400;1363
20;36300;7960;53060;26900;2085;26400;25240;1367
19;36250;7970;53060;26940;2060;26280;25220;1364
19;35350;7970;53060;26140;2020;26080;25100;1348
19;35050;7950;53060;26160;1985;25920;24900;1330
19;35900;7940;53060;26340;2015;26500;25500;1347
20;37400;8080;52580;26720;2035;26900;25960;1358
20;36700;8100;53560;26840;2060;27400;26500;1374
20;36850;8300;53560;27180;2075;27560;26600;1392
21;37400;8360;53560;27720;2050;27760;26920;1412
21;37900;8290;53560;27720;2040;27460;26400;1406
21;39050;8000;53560;27700;2030;26060;25200;1396
21;38500;8110;53560;27140;2035;27100;25960;1401
21;37600;8400;53800;27580;2065;27480;26200;1418
21;36100;8400;53800;27600;2070;27240;25960;1411
20;35000;8120;54900;27060;1990;26920;25760;1378
20;34900;8170;54900;26700;1940;26760;25680;1367
20;34600;8080;55000;26960;1900;27220;26000;1366
20;33900;8130;55000;27000;1900;27180;25980;1362
20;33250;8060;55000;26900;1945;27220;26040;1358
20;32350;8020;55000;26600;1965;27360;26140;1361
20;31200;8050;55000;26600;1965;27440;26180;1357
20;28400;8190;55380;26700;1875;27900;26580;1369
20;30150;8220;55420;26120;1905;27900;26660;1363
20;31400;8200;55420;26100;1930;27300;26020;1357
20;31400;8130;55420;26140;1935;27060;25900;1354
20;31150;8130;55420;26100;1925;26900;25700;1348
20;30600;8010;55420;26240;1890;26600;25200;1337
19;29250;7850;55420;25600;1805;25980;24880;1311
19;29000;7830;55420;25720;1840;26000;24540;1307
18;29400;8190;55420;25120;1815;25900;24600;1307
19;29050;8110;55400;25960;1800;25580;24240;1301
18;30850;7920;55400;25980;1815;26100;24800;1309
18;30700;7920;55400;25800;1805;26080;24580;1312
18;29650;7980;55400;26180;1800;25640;24400;1309
18;31250;7880;55400;26240;1815;25940;24760;1320
18;30600;7820;55400;26340;1835;25500;24120;1319
18;30050;7710;55400;25860;1840;26000;24740;1324
18;29900;7710;55400;26020;1810;26740;25300;1334
18;29550;7610;55400;25860;1790;26660;25300;1330
18;28650;7540;55400;25520;1625;27660;26200;1321
18;28600;7600;55400;26000;1645;27560;26100;1321
18;28100;7590;55400;26300;1665;27760;26380;1326
17;27900;7410;55400;25540;1635;27420;26240;1308
17;27600;7450;55400;26000;1655;27720;26360;1313
17;28550;7600;55600;26100;1725;27920;26460;1332
18;28050;7580;55600;26140;1725;27500;26240;1329
18;28800;7450;55500;25800;1695;27120;26060;1314
17;28500;7360;55500;26180;1710;27600;26460;1322
18;29250;7350;55500;26740;1730;27900;26700;1331
17;28350;7210;55500;26220;1645;27500;26300;1314
17;28500;7250;55500;26560;1675;27360;26100;1320
17;28400;7250;55500;26340;1650;27120;26100;1313
17;27050;7280;55500;26520;1635;27000;25740;1310
17;26400;7300;55500;26380;1650;26900;25600;1306
17;26000;7210;55500;26020;1600;26660;25420;1296
17;26650;7240;55500;26220;1645;26760;25680;1301
17;26600;7240;55500;26300;1625;27700;26500;1311
17;27200;7290;55500;26340;1635;27360;26400;1314
17;29500;7450;55500;26700;1655;27560;26500;1325
17;29200;7480;55500;26400;1635;27600;26300;1324
17;29150;7410;55500;26520;1630;27600;26380;1326
17;29750;7330;58200;26200;1610;27400;26120;1309
17;29650;7150;58200;26380;1635;26800;25500;1301
17;29750;7200;58200;26300;1610;26900;25420;1306
16;29700;7110;58200;26000;1625;27200;25780;1307
16;28900;7090;58220;25900;1585;27300;25780;1303
16;27000;6940;58220;25700;1545;27220;25820;1293
16;27250;6950;58220;25800;1560;27360;26300;1298
16;27500;7190;58220;26260;1640;27940;26400;1325
16;28250;7160;58220;26380;1645;27700;26480;1322
16;27500;7080;58220;26480;1610;27660;26020;1317
16;26750;7020;58220;25920;1565;27680;26260;1299
16;26000;7030;58220;26100;1580;27700;26260;1298
16;25500;7090;58220;26100;1530;28000;26600;1289
16;25800;7000;58220;25760;1565;28000;26680;1291
16;26550;7120;58200;25500;1540;27720;26480;1285
16;25750;7060;58200;25380;1500;27300;26200;1272
16;25950;7050;58200;25460;1530;27320;26060;1281
16;25250;6780;58200;25060;1530;27240;25740;1272
16;25600;6900;58200;24920;1510;26760;25500;1269
16;26500;6800;58200;24860;1515;26020;24700;1261
16;26450;6860;58200;24240;1450;25080;23900;1240
16;26950;6670;58200;23920;1465;24840;24000;1229
16;26500;6310;58200;23440;1460;24100;23040;1193
16;25050;5720;58200;22160;1430;24200;22960;1151
16;25700;5420;58200;22340;1425;24400;23120;1150
16;25550;5610;58200;22320;1425;24920;23680;1153
16;27150;6230;58200;22400;1510;25800;24500;1199
16;28000;6300;58200;22980;1545;25980;24440;1218
16;28400;6640;58200;23840;1595;26380;24960;1247
16;27800;6500;58200;23000;1500;25700;24200;1211
16;28350;6420;58200;23840;1520;26200;24980;1219
16;30950;6700;58200;23840;1515;26420;25160;1239
16;30000;6700;58200;24880;1500;25800;24480;1236
16;29100;6710;58200;25500;1475;25720;24560;1242
16;30000;6680;58200;25440;1465;26240;25000;1245
16;28800;7000;58200;24960;1435;25600;24520;1234
16;28450;7050;58200;25880;1450;26160;24460;1255
16;28500;7000;58200;25580;1405;25700;24340;1250
16;27500;7040;58200;25360;1410;25980;24460;1250
16;28100;7150;58200;24700;1395;26080;24540;1254
16;31850;7190;58200;25200;1425;26560;25180;1265
16;33750;7210;58200;24980;1440;26140;24880;1264
16;34000;7000;59000;24300;1425;25800;24320;1249
16;34350;6840;59000;23500;1415;25420;24100;1234
16;32800;6990;59000;22900;1395;24640;23400;1215
16;34050;7000;59000;22660;1355;24160;23000;1209
16;32900;6970;59000;23340;1365;24840;23700;1219
17;32000;7000;59000;23400;1350;24440;23140;1215
17;30700;6830;59000;23500;1285;24500;23300;1203
17;29750;6830;59000;24000;1305;24460;23620;1202
17;30250;7150;59000;23980;1330;24960;23720;1219
17;30300;7120;60000;23300;1320;25000;23500;1210
16;32400;7180;60000;23580;1340;25240;23740;1218
16;33350;7280;60000;23780;1390;26000;24700;1238
17;34400;7350;60000;24460;1440;26700;25220;1255
17;34100;7320;60000;25000;1495;27620;25960;1274
17;35400;7280;60000;24700;1515;27680;26000;1281
17;34950;7060;60000;24860;1500;28000;26520;1280
17;34500;7230;60000;24500;1495;26900;25200;1274
17;34900;7020;60000;24120;1480;27200;25700;1259
16;37400;6940;60000;24220;1470;27120;25340;1251
16;36100;7080;60000;24160;1460;27100;25300;1252
16;34700;6870;59980;23780;1390;27200;25300;1247
17;34900;6700;59980;24200;1395;27180;25420;1246
16;34950;6790;59980;24280;1375;27300;25360;1245
17;34550;6870;59980;24280;1390;26940;25020;1249
17;34100;6880;59980;24680;1370;27100;25180;1249
17;33300;6890;59940;24480;1365;27100;25100;1248
17;31650;6900;59940;24500;1345;26680;24700;1238
17;33200;7000;59940;24680;1365;25620;23940;1229
17;33200;6930;59940;24360;1345;25380;23680;1219
17;33500;6940;58200;23820;1350;25120;23540;1218
17;36050;7000;59940;23620;1415;24460;23000;1218
16;37000;7170;59940;23500;1400;24720;23000;1218
16;36950;7240;59940;23940;1415;25080;23620;1226
17;36550;7200;58220;24180;1410;25180;23700;1223
17;36850;7120;58200;24000;1395;25080;23680;1217
17;37100;7100;58020;23560;1395;25160;23560;1213
17;35400;7000;58000;23500;1360;24760;23300;1205
17;34650;6830;58000;23600;1340;24580;23000;1182
17;35000;6790;58000;21480;1350;23860;22500;1152
17;34900;6300;58000;20180;1325;23060;21380;1112
17;34750;6580;57400;20640;1320;23100;21620;1126
16;34150;6660;58160;20940;1310;22860;21380;1120
17;33500;6770;57400;21480;1295;23400;22160;1139
17;34000;6620;57400;21120;1330;23440;22100;1140
17;33850;6630;57400;21000;1340;22860;21380;1125
17;34400;6690;57400;20860;1340;22400;20760;1109
17;34550;6600;57400;21020;1325;22700;20840;1104
16;34650;6540;57400;21060;1300;22320;20840;1093
17;36000;6800;57400;20500;1305;22400;21660;1114
16;35450;6650;57400;20960;1285;22300;20900;1109
17;34650;6600;57400;20300;1260;21500;20580;1091
17;33350;6800;57400;20260;1255;21040;20100;1081
17;33700;6700;57400;20220;1205;20700;19920;1071
17;30550;6690;57400;20400;1160;20380;19380;1051
17;31950;6700;57000;20540;1160;20420;19060;1062
17;30500;6770;57000;20900;1135;20400;19100;1080
17;29700;6900;57000;20920;1105;20500;19480;1075
17;27800;6980;57000;20800;1090;20300;19480;1074
17;29150;6990;57000;21000;1170;21020;20000;1101
17;31500;7000;57000;21500;1160;22600;21500;1130
17;30600;7080;57000;21660;1155;22780;21860;1141
17;31050;7300;57000;21500;1230;22500;21440;1140
17;30500;7190;57000;21500;1155;22000;21000;1131
17;30500;7100;57000;21780;1165;21900;21000;1129
17;31500;7170;57000;21780;1205;22780;21700;1161
17;32300;7060;57000;21960;1170;22520;21800;1155
17;30900;7210;57000;21880;1150;22120;20780;1152
17;30600;7280;57000;21640;1130;21940;20700;1148
17;30000;7380;57000;21800;1110;21600;20980;1154
17;31800;7050;57000;21180;1105;21280;20500;1130
18;31500;7180;57000;21700;1085;21760;20880;1142
18;29050;7080;57000;21420;1060;21200;20280;1129
18;28800;7180;57000;21100;1035;20760;20100;1106
17;29250;7040;57000;21420;1015;20840;19900;1098
17;26050;7170;57000;21780;955;20920;19620;1079
17;25300;7180;57000;21700;961;20960;19720;1097
17;25650;7200;57000;22640;987;22320;20480;1129
17;24975;6900;57000;22400;978;21100;19960;1103
17;24725;6870;57000;21980;881;20700;19800;1079
17;24500;7180;57000;22380;923;21600;20100;1100
17;23900;7130;57000;22900;914;22000;20700;1109
16;24350;7190;57000;22940;950;22400;21400;1125
17;27950;7250;57000;23200;1020;23280;21980;1152
17;27500;7090;57000;22820;958;22780;21700;1139
17;28200;7150;57000;23200;975;22740;21480;1146
17;29150;7160;57000;23360;990;22900;21740;1153
17;29950;7240;57000;23320;1020;23240;22000;1165
17;30950;7360;57000;23160;1030;23980;22600;1175
17;30000;7490;57000;23420;1020;24040;22720;1181
17;29150;7670;57000;22840;993;23740;22500;1166
17;30450;7580;57000;22800;1035;24560;23000;1181
17;30550;7600;57000;23480;1050;24460;23000;1189
17;30200;7500;57000;23400;1045;24740;23500;1195
17;29450;7480;57300;23400;1060;24620;23200;1193
17;28700;7570;57000;23540;1025;24460;23200;1197
17;28600;7650;57000;23700;1030;24420;23200;1200
18;29200;7680;57000;23700;1035;24120;23100;1199
17;29750;7660;57000;23800;1065;24760;23500;1209
17;30350;7760;57000;23800;1070;24780;23560;1210
17;33500;7650;57000;23700;1045;24760;23520;1200
17;35700;7780;57000;24720;1155;25100;23900;1233
17;34000;7840;57000;24820;1160;24820;23560;1236
18;33450;7860;57000;24960;1130;24600;23500;1235
18;35500;7890;57000;24740;1165;24740;23300;1236
18;34900;7950;57000;24660;1145;24660;23500;1230
18;34950;7940;56500;24720;1135;24460;23020;1228
19;37900;7970;56500;24960;1150;24400;23100;1240
19;39500;7900;56500;25000;1160;24760;23760;1247
18;39850;7750;56500;25080;1140;24740;23800;1244
18;40300;8000;56500;25260;1170;24880;23600;1256
18;40500;8040;56500;25760;1260;25200;23700;1277
18;43150;8110;56500;25700;1320;25700;24600;1295
18;43000;8190;56700;25860;1365;25700;24580;1295
18;42450;8260;56700;25900;1425;26260;24840;1307
18;41050;8240;56500;25780;1340;26200;24700;1295
18;41450;8260;56500;26000;1340;26400;25120;1296
18;39650;8220;56500;26180;1350;26400;25200;1299
18;40000;8190;56500;26200;1360;26800;25400;1303
18;39900;8190;56500;26040;1335;26520;25380;1298
18;38700;8190;56500;26080;1285;25900;24680;1285
18;40700;8180;56500;25800;1345;25400;24040;1284
18;40900;8240;56500;25880;1380;26020;24400;1296
18;39300;8420;56500;25900;1325;26200;24500;1310
18;39600;8600;56500;26000;1350;25680;24800;1317
18;38500;8700;56500;26780;1340;25460;24260;1321
18;37650;8700;56500;26480;1290;25300;23700;1305
18;39000;8670;56500;26380;1280;25080;23700;1300
18;38650;8700;56000;26800;1310;25540;24000;1320
18;39850;8650;56000;27480;1310;25880;24700;1336
18;40150;8590;55000;27500;1300;25520;24700;1334
18;38850;8590;55000;27080;1290;26100;24680;1338
18;38950;8420;55000;26700;1265;25600;24660;1313
8800;39000;8450;55000;26880;1265;25780;24640;1322
8850;38500;8380;55000;26980;1220;25780;24640;1316
9150;39850;8380;55000;26700;1280;26020;24620;1327
9000;40550;8450;55000;27000;1290;26340;25200;1336
9100;41450;8590;55000;27240;1380;27280;26000;1364
9200;41700;8640;55000;27600;1400;28060;26420;1371
9150;42900;8600;55000;28000;1380;27800;26340;1365
9300;41350;8600;56000;27600;1350;27780;26200;1355
9350;42000;8740;56000;27760;1360;27500;26000;1355
9400;42950;8750;56000;27700;1380;27920;26380;1363
9500;45300;8800;56000;27800;1425;28400;26660;1377
9350;45600;8700;56000;27500;1430;28500;26680;1376
9350;44300;8740;56000;27300;1435;28460;26680;1374
9100;43900;8660;56000;26760;1415;28280;26420;1359
9000;44750;8850;56000;26640;1445;28240;26480;1365
9000;45000;8850;55000;26540;1460;28300;26520;1362
9150;44500;8850;55000;26500;1440;28180;26500;1362
8950;46500;8700;55000;26840;1415;27080;25500;1342
9050;43750;8640;55000;26260;1370;27160;25320;1343
8900;42250;8580;55000;25620;1370;26800;25000;1320
8900;42250;8620;55000;25620;1395;26580;24820;1312
8950;42900;8410;55000;25600;1390;26020;24220;1291
8750;42400;8500;55000;25700;1395;26220;24380;1293
8950;43000;8700;55000;25980;1405;26980;25220;1329
8950;42700;8820;55000;25820;1400;26800;25400;1336
8950;45050;8850;55000;26360;1420;27020;25500;1351
8950;44500;8830;55000;26140;1405;27120;25700;1350
9000;45000;8890;55000;26500;1445;27340;25700;1358
18;45150;8770;55000;26200;1465;27040;25360;1344
8800;44250;8700;55000;26400;1405;27300;25120;1328
8600;42950;8700;55000;25900;1415;26900;25060;1323
8750;43350;8760;55000;25700;1400;27000;25400;1322
18;43300;8850;55000;25700;1395;27200;25400;1325
18;43200;8930;55000;25300;1385;26680;24820;1319
18;44350;8900;54700;25120;1410;25760;24080;1307
18;44500;8760;55000;25740;1395;26080;24200;1302
8900;43800;8900;55000;25800;1395;25640;24000;1302
8600;44700;8800;55000;26200;1340;25280;23700;1293
8800;45750;8860;55000;26300;1360;25360;23620;1301
8900;46050;8810;55000;26420;1375;25440;23540;1303
8900;46500;8810;55000;26860;1370;25720;23900;1308
9050;50900;8890;55000;26800;1420;25200;23460;1316
9100;52700;8850;55000;26900;1450;25980;24040;1333
9100;53000;8860;55000;27040;1450;25900;24060;1333
9000;51000;8830;55000;27000;1410;25440;23700;1320
9050;51800;8800;55000;27060;1400;25300;23520;1315
9100;51100;8720;54000;27340;1395;25140;23200;1303
8950;51000;8680;54000;27400;1395;25280;23300;1304
9000;50900;8640;54000;27580;1395;25400;23600;1308
9050;51500;8610;54000;27800;1415;25520;23980;1308
9200;52400;8720;54300;27880;1420;25700;23920;1316
9250;52400;8860;54300;27940;1425;25720;24000;1324
9350;50900;8870;54300;27700;1410;25780;24040;1326
9300;51500;8900;54300;27640;1410;26200;24400;1330
9050;49650;8900;54300;27100;1400;25680;24000;1318
9000;49550;8800;54000;27000;1370;25300;23480;1302
9000;51100;8790;54280;27180;1385;25340;23440;1303
8850;51300;8810;54280;26980;1395;25620;23900;1312
9000;49000;8940;54300;26880;1395;25480;23800;1313
9100;49500;8920;54300;26840;1405;25700;24000;1313
18;50800;8920;54300;26720;1370;25400;23600;1303
9900;51000;9000;54300;27000;1370;25420;23800;1310
9750;50900;8820;54300;26600;1355;25380;23500;1302
9350;49500;8800;54000;26400;1350;25320;23500;1298
9250;48750;8950;54000;26300;1370;25540;23520;1307
9350;50800;9100;54000;26360;1390;25780;24000;1320
9200;50800;9170;54000;26620;1395;25780;24000;1326
9300;49300;9200;54000;26860;1410;25860;24100;1333
9400;48600;9180;54000;26860;1400;26040;24200;1340
9250;48500;9130;54280;27000;1410;25980;24060;1339
9250;47250;9190;54280;27100;1390;25960;24000;1338
19;47450;9100;54280;27020;1365;26000;24120;1329
19;47450;9190;54280;27000;1360;26160;24200;1333
9200;45400;9120;54280;27060;1335;25860;23820;1323
9000;47000;9100;53500;26600;1340;25800;23960;1316
9000;46600;9130;53100;26800;1325;26120;24100;1322
9200;47200;9150;52800;26980;1295;26000;24140;1317
9000;46450;9090;52520;27000;1300;26300;24300;1308
9150;46100;9130;52520;26940;1250;26020;24200;1306
9200;47800;9160;52200;27060;1205;26080;24200;1303
9250;49250;9100;52000;27000;1235;26300;24380;1305
9250;48700;9170;52800;27200;1240;26360;24380;1308
9250;47650;9270;51000;27160;1230;26500;24500;1309
9350;49400;9350;51000;27300;1260;26500;24440;1314
9400;49150;9410;51000;27600;1240;26900;24960;1324
9450;49700;9400;51000;27480;1225;26960;25060;1322
9300;49750;9480;51000;27600;1230;27180;25220;1328
19;49700;9450;51000;27600;1220;27180;25100;1324
9550;47100;9700;51000;27800;1275;27380;25480;1343
9700;46300;9670;53100;27640;1320;27320;25320;1349
9700;47950;9650;53100;27780;1330;27180;25180;1348
19;46500;9610;52800;28100;1320;27720;25640;1350
9700;45000;9620;52520;27820;1290;28080;25800;1349
9750;45400;9700;52500;28160;1330;28180;25960;1359
9700;47950;9800;52500;28700;1325;28280;26200;1370
9700;48500;9860;52800;29000;1325;28360;26200;1371
9700;49100;9890;52800;28740;1320;28640;26400;1373
9800;49250;9880;52800;28940;1320;28560;26440;1372
9800;49250;9820;52900;29060;1325;28640;26560;1374
9550;49250;9900;52900;29180;1320;29100;26800;1380
9600;47750;9860;52900;29000;1295;29260;26900;1379
9400;47850;9850;53000;29300;1320;29880;27500;1394
9400;48450;9900;53000;29200;1345;29780;27440;1398
9350;47500;9970;53000;29760;1340;29760;27320;1403
9300;47550;10200;53000;30160;1365;30200;27660;1418
9350;48400;10220;53100;30040;1400;29940;27400;1416
19;47300;9800;53100;29800;1360;29780;27280;1398
19;46950;9660;53100;29900;1335;29700;27180;1387
19;46050;9640;49000;29620;1300;29220;26680;1367
9300;46100;9890;49300;29300;1275;29020;26600;1373
9250;46050;9900;52900;29100;1265;29280;26820;1373
9200;45500;10080;52900;29080;1230;28200;25980;1355
9200;46000;9980;52900;29020;1220;28200;25980;1355
18;45850;10040;52900;28960;1205;27720;25260;1341
9000;46450;9930;52900;29000;1235;27600;25300;1341
9000;46950;10040;52900;29320;1245;28000;25600;1358
8800;46600;10000;52900;29500;1215;27800;25500;1352
8850;46100;9860;52900;29160;1205;27680;25400;1347
8800;44700;9700;53000;28700;1170;27260;25100;1334
8600;46800;9930;53000;29100;1230;28320;25960;1355
8700;47150;9680;53000;29180;1245;28100;25700;1345
8850;47500;9750;53000;29500;1250;27940;26100;1339
8900;48000;9650;52980;29480;1265;27640;25500;1331
8700;48000;9740;53000;29280;1275;27800;25600;1335
8800;48450;9660;57000;28940;1310;27820;25500;1341
8800;48500;9720;57000;28980;1325;27640;25500;1343
9100;48850;9790;57000;29460;1315;28060;25900;1348
9100;49150;9740;57000;29460;1340;27800;25700;1350
18;49350;9850;57000;29880;1325;28180;26020;1358
9100;49350;9840;57000;29940;1315;28040;26140;1355
9000;49600;9820;57000;29520;1325;28280;26140;1354
18;50700;9900;51300;29620;1315;28100;26140;1346
18;50400;9930;53980;29640;1345;28300;26120;1356
9100;50900;9930;52000;29800;1370;28460;26400;1364
9150;51000;9930;52000;30000;1340;28600;26560;1361
9250;50500;9940;52000;30160;1345;28660;26680;1363
9200;49800;9900;50000;30080;1340;28660;26580;1359
9100;48650;9960;50000;30060;1330;28440;26640;1357
9200;48850;9970;50000;30400;1335;28540;26560;1357
18;47650;10000;50000;30740;1340;28500;26500;1360
9150;47650;10000;50000;30800;1315;28600;26500;1361
8950;47150;9990;50000;30600;1310;28540;26500;1366
9000;47500;10060;50000;30900;1330;29140;27100;1371
9100;47500;10160;50000;30700;1310;29060;27100;1368
9000;47600;10200;50000;30420;1300;29060;27100;1356
9050;48200;10100;50000;30820;1300;28520;26540;1346
9100;46800;10160;50000;31000;1310;28680;26880;1355
9200;48000;10240;50000;30960;1325;28380;26460;1355
9200;48700;9940;50000;29800;1280;27520;25600;1320
9200;52300;9800;50000;29200;1270;27140;25400;1299
18;52400;9740;50000;29340;1295;26860;25280;1297
9350;51900;9820;50000;28600;1275;26900;25160;1300
9350;51900;9950;50000;29000;1280;26820;25220;1306
9350;51900;9930;50000;28900;1280;26820;25180;1307
9350;52400;9950;50000;29000;1315;26500;25100;1313
9450;52400;9950;50000;29200;1315;26120;24780;1307
9450;55200;9990;51000;28980;1300;26500;25000;1309
19;55200;9940;51000;28900;1300;26400;25000;1309
9400;54400;9940;51000;28940;1290;26140;24880;1296
9600;53200;9950;51000;28900;1285;25900;24580;1290
9600;51000;9900;51000;28520;1240;25640;24200;1271
9750;51700;9900;51000;28660;1320;26000;24900;1286
10050;52300;10000;51800;28960;1325;26320;24880;1297
10050;52600;10100;51000;29060;1320;26600;24980;1307
10200;53200;10160;51000;29200;1315;26820;24840;1315
10050;52100;10200;51000;29300;1315;26860;24860;1317
10350;52500;10260;51000;29300;1305;26820;24960;1314
10450;53600;10180;51000;29100;1320;26980;25080;1325
10550;53300;10060;51000;29600;1345;27000;25000;1323
10250;52000;10060;51000;29600;1350;27300;25040;1335
10200;50900;9970;50000;29700;1340;26900;25060;1326
10250;51000;9960;50000;30000;1350;27800;25700;1340
10500;51300;9980;50000;29760;1380;27680;25840;1342
21;50200;9970;51000;30000;1385;27240;25460;1340
10500;49750;9980;51000;29700;1385;27100;25380;1346
10500;50200;9900;51000;29700;1380;26980;25200;1342
10550;50100;9850;51000;29800;1355;27200;25300;1340
10600;50000;9820;51000;29900;1335;26940;25300;1330
10600;50000;9840;51000;29920;1355;27180;25300;1341
10600;51000;9910;51000;29880;1365;26920;25140;1339
10650;49850;9980;51000;29920;1380;27460;25480;1354
10850;49900;9980;52000;30000;1380;27180;25220;1352
22;49900;9930;52000;29840;1360;27120;25400;1346
10550;49800;9960;51000;30720;1380;27640;25500;1355
10750;50400;10080;50000;31120;1400;27860;25700;1373
10750;49800;10140;50000;31300;1415;27840;25700;1378
10850;49850;10180;51000;31300;1395;27840;25700;1374
11000;48750;10140;51000;30640;1390;28280;26000;1373
11100;49400;10120;51000;30640;1410;28380;25980;1375
11100;49000;10100;51000;30680;1400;28180;25860;1370
11100;48650;10120;51000;30660;1405;27920;25880;1370
11100;48750;10060;51000;30580;1400;27700;25640;1361
11100;47750;10080;51000;30500;1400;27720;25620;1361
10850;47000;10160;52500;30600;1390;27840;25420;1361
10950;46400;10140;52500;30520;1395;27660;25460;1360
10900;46300;10140;52500;30900;1385;27660;25460;1354
10800;45750;10140;52500;31080;1400;27660;25500;1355
10850;46150;10200;52500;31500;1400;27740;25540;1367
10950;46350;10260;52500;31600;1385;27780;25500;1365
11000;46000;10400;51000;31420;1390;28160;25700;1371
10950;45000;10520;52000;31780;1390;27780;25520;1373
22;42500;10500;50800;31440;1370;27620;25500;1365
11000;42150;10560;52000;31460;1375;27560;25480;1357
11000;41500;10480;52000;31200;1395;27580;25300;1358
11000;42400;10540;52000;31200;1390;27840;25540;1367
10900;42500;10640;52000;31540;1385;27800;25560;1370
10900;40650;10760;52000;31000;1375;27800;25540;1368
22;41250;10620;52000;30640;1355;27480;25300;1361
11100;41200;10520;52000;30040;1355;27280;25120;1350
22;42400;10600;52000;29820;1355;27220;25120;1346
11100;42950;10560;52000;30140;1380;27240;25220;1347
11100;42500;10740;52000;30340;1375;27300;25220;1351
22;41650;10600;52000;29980;1365;26840;24720;1321
11050;43250;10700;52000;29800;1365;27300;24920;1335
11050;43650;10800;52000;30160;1360;27640;25300;1344
11050;43750;10840;52000;30180;1350;27340;25060;1342
11050;43700;10760;52500;29900;1355;27400;25040;1341
11100;44500;10780;52000;30100;1345;27200;25020;1337
11100;43750;10800;52000;30020;1310;27400;25100;1331
11100;43250;10980;52000;30100;1335;27820;25460;1342
11000;42700;11260;51500;30000;1320;27240;24940;1334
11100;42650;11220;52000;29800;1335;27680;25300;1334
11850;43250;11200;52380;29700;1320;27300;25000;1326
11800;43100;11440;52380;29480;1310;27520;25300;1329
11650;44050;11380;52400;29700;1315;27400;25040;1327
11550;43550;11320;52400;30180;1320;27580;25200;1330
11550;43000;11340;51500;30380;1320;27640;25300;1334
11550;43150;11340;51500;30300;1330;27540;25280;1333
23;42000;11420;52180;29200;1295;27600;25240;1325
11500;41900;11340;52040;29380;1310;27400;25120;1330
11500;42600;11360;52040;29520;1315;27600;25280;1336
11500;42000;11400;52040;29500;1315;27880;25420;1342
11450;41500;11240;52040;29300;1290;27100;24800;1318
11450;41850;11340;52040;29600;1315;27360;25100;1330
23;42000;11380;52040;29680;1320;27660;25300;1342
23;41300;11480;52020;29800;1300;27560;25380;1337
23;41300;11680;52380;29760;1325;27880;25580;1344
23;40500;11580;52380;30000;1320;28500;25920;1351
11500;41100;11660;54780;30100;1320;28500;25920;1359
11550;41250;11560;52500;30000;1315;28460;25900;1356
11500;41400;11540;52500;29880;1305;28780;26300;1356
11850;43350;11560;52500;30100;1325;29140;26400;1364
11600;43250;11520;52800;30460;1340;28800;26300;1365
12000;42900;11600;52800;30320;1340;29060;26480;1370
12150;42700;11600;52800;29920;1350;28700;26260;1366
12000;42000;11540;51040;30080;1350;29100;26560;1368
12000;42700;11520;51980;30380;1355;29080;26380;1368
12100;42100;11580;51980;30360;1350;29200;26600;1371
12200;41950;11520;51980;30260;1355;28860;26500;1370
12050;42100;11620;52000;30280;1365;28700;26380;1369
12200;42300;11640;52980;30300;1385;29060;26800;1376
12250;42500;11600;52980;30360;1390;29040;26700;1374
12350;42800;11700;52980;30440;1400;28720;26780;1378
12300;42350;11660;52980;30060;1370;28920;26600;1372
12350;42000;11660;52980;30200;1375;28560;26400;1372
12250;42200;11500;51960;30080;1375;28000;25820;1363
12250;41900;11420;51960;30000;1380;28220;26020;1363
12250;41600;11440;51960;29920;1365;28360;26500;1362
12250;41550;11540;51960;30100;1360;28660;26700;1366
12100;42150;11560;51960;30400;1365;29000;26940;1372
12000;42900;11640;51960;30900;1380;28960;27080;1375
12000;43200;11640;51960;30900;1340;28500;26660;1362
12000;44350;11660;51500;31000;1360;28720;27040;1372
12200;44300;11700;51500;30680;1335;29280;27040;1373
12250;43700;11680;51500;30520;1355;29160;27080;1370
12500;43100;11560;51500;30980;1345;29560;27300;1377
12500;43150;11640;51500;30920;1365;29660;27380;1385
12600;43250;11860;51500;31400;1385;30200;27700;1403
12300;43250;11860;51500;31500;1380;30680;28000;1407
12450;44400;12180;52000;31760;1380;31140;28520;1415
12500;43350;12280;52000;31840;1375;31460;28700;1422
12650;43300;12400;51500;33080;1445;31600;28700;1444
12550;43750;12680;52000;33500;1480;31800;28900;1458
12600;43100;12580;52000;33580;1450;32160;29820;1449
25;42500;12660;52000;32560;1410;31880;29900;1438
12600;43500;12640;52040;32260;1410;31660;29320;1429
12600;43400;12240;52040;32560;1435;32140;29880;1436
12700;43650;12620;53000;32760;1425;32040;29980;1437
12600;43500;13000;53000;32840;1420;32200;30080;1444
25;44050;13320;53000;32780;1405;32260;30100;1446
12500;43400;13480;53000;32940;1390;32000;29980;1444
12400;43200;13940;53000;32920;1395;32120;30040;1449
12250;43450;13820;53000;33000;1375;31900;29860;1444
12000;43400;14100;53000;33020;1335;32260;30480;1439
24;43100;14180;53000;32620;1345;32240;30460;1443
12000;43500;14000;53000;32420;1335;32200;30240;1442
24;43500;13860;53000;32460;1375;32520;30760;1445
12450;43600;14000;53000;32880;1400;32980;30940;1457
12350;43600;13880;53000;32600;1370;32500;30820;1451
12450;43950;13860;53000;32640;1350;32780;30680;1450
12500;44150;13480;53000;32640;1370;32600;30520;1450
12450;45000;13300;53000;32400;1360;32800;30780;1447
12450;45800;13500;53000;32640;1365;33140;30800;1450
12450;45750;13640;53000;32740;1350;33500;31180;1457
12500;45650;13760;53000;33000;1340;33400;30900;1456
12500;46500;13520;53000;33360;1365;34200;31980;1465
12600;47000;13600;53000;32900;1325;34280;31680;1451
12600;46700;13400;53000;32440;1325;33000;30680;1437
12550;46950;13460;53000;32600;1350;32180;30000;1436
25;46950;13600;53000;32600;1340;32140;30100;1435
12600;47000;13380;53000;32340;1340;32800;30400;1438
25;49000;13460;53000;32900;1340;33680;31000;1449
25;49100;13500;53000;32880;1360;34000;31600;1459
12350;50200;13340;53000;33680;1380;33900;31780;1463
12400;52000;13460;53000;33840;1395;34200;32100;1475
12500;52300;13700;53000;33980;1365;34400;32300;1481
12500;52900;13640;53000;34040;1380;34200;32200;1481
25;52300;13500;53000;34520;1355;33700;31680;1470
25;52500;13480;53000;34100;1355;33740;31900;1467
12400;51800;13440;53000;34200;1370;34300;32480;1475
25;52900;13560;53000;34300;1390;34900;32980;1490
12400;52600;13540;53000;33800;1395;34880;32900;1492
25;52400;13500;53000;33900;1400;34300;32380;1488
25;52700;13500;53000;33760;1390;34000;32300;1488
25;52700;13500;53000;33640;1380;33800;32000;1480
12500;53300;13380;53000;33000;1390;33000;31020;1469
12500;54200;13460;53000;33500;1375;33080;31200;1471
12450;52500;13420;53000;33340;1375;33500;31480;1476
12500;54000;13480;53000;33460;1395;33260;31300;1476
12500;53900;13400;53000;33800;1385;32840;30800;1474
25;53100;13460;53000;33700;1395;33060;31000;1480
12500;54000;13460;53000;33600;1395;33500;31700;1487
12550;53800;13680;53000;33900;1395;32700;30600;1481
12500;53000;13600;53000;33780;1365;32940;30860;1478
25;53000;13580;53000;33740;1375;33000;30960;1481
12450;53100;13480;53000;33900;1385;32700;30900;1478
12650;53500;13460;53000;33620;1385;32800;30780;1476
12700;52000;13180;53000;33600;1365;32680;30420;1470
12700;50100;13380;53000;34000;1390;32100;30340;1470
12800;50200;13480;53000;33640;1380;32000;30160;1464
12650;50200;13400;53000;33640;1365;32300;30520;1463
25;49000;13520;53000;33780;1365;32300;30720;1462
12650;47750;13460;53000;33560;1355;31900;29820;1453
12650;48000;13600;53000;33920;1355;32800;30600;1468
12800;48000;13440;53000;33580;1365;32460;30700;1471
12800;47600;13480;53000;33900;1370;32960;31020;1477
12900;48300;13600;53000;33260;1370;33060;31260;1483
12900;49250;13520;53000;33000;1380;33280;31780;1481
13000;49400;13500;53000;33080;1370;32800;31200;1477
12950;48550;13520;53000;33040;1360;32680;30960;1475
12950;49000;13580;53000;32980;1350;32640;31000;1476
12800;48350;13560;53000;32800;1355;33100;31400;1478
12950;48650;13500;53000;32960;1350;32580;31040;1471
26;49500;13360;53000;33000;1370;33600;33000;1482
13150;49400;13460;53000;33040;1370;34600;33680;1494
13100;49600;13480;53000;33220;1370;35260;34220;1501
13100;49450;13640;53000;33900;1370;34780;33780;1505
13000;50000;13580;53000;33880;1375;35320;34200;1507
26;48600;13700;53100;33860;1370;35000;34000;1503
12950;48300;13700;53100;33680;1360;34880;33760;1500
13200;48650;13700;53100;33500;1355;35300;34040;1505
12900;48900;13400;53100;33500;1355;35300;33980;1494
13200;49000;13500;53200;33600;1360;34880;33780;1492
26;49500;13560;53200;33480;1365;34440;33480;1491
26;49300;13720;53200;33260;1370;34240;33240;1493
13050;49000;13820;53200;33060;1370;34520;33200;1497
12800;49750;13760;53500;33280;1370;34300;33200;1495
12800;50400;13620;53500;33300;1380;33620;32500;1486
12700;49100;13580;55520;33300;1385;33920;32700;1484
12600;49000;13620;55520;33000;1380;34400;33200;1486
25;49000;13700;55000;33260;1390;34160;32700;1483
25;48750;13600;55000;33620;1395;33920;32500;1481
12250;48500;13780;55000;33500;1405;33960;32640;1487
12550;49100;13820;55000;33360;1395;33760;32500;1487
12600;49000;13680;55000;33260;1400;33780;32740;1488
12450;48800;13660;54500;33040;1395;33980;32700;1488
12300;49300;13760;54500;33180;1405;34200;32860;1488
25;49750;13700;54500;33120;1400;33600;32500;1484
12250;49500;13720;54500;32940;1405;33700;32700;1487
12250;49450;13960;54500;33000;1400;33480;32680;1491
25;49250;13860;54500;32840;1400;33000;32000;1484
12250;49500;13880;54500;33000;1410;33040;32080;1486
12250;48600;13680;54500;32800;1415;32920;32000;1484
12250;48400;13880;54500;32580;1410;32900;31980;1485
12250;48000;13860;54500;32760;1430;33080;32000;1486
12250;47650;13800;53840;32360;1460;32480;31480;1481
12250;47700;13740;53840;32380;1465;32360;31260;1479
12250;47350;13580;53840;32340;1460;32120;31000;1469
25;46950;13420;53840;32400;1445;32020;30880;1465
12250;47150;13400;53840;32200;1450;31980;30860;1460
12250;47200;13420;53840;32240;1465;31880;30480;1460
12500;47350;13620;53840;32360;1490;31980;30760;1470
12550;47500;13520;53840;32400;1565;32120;30720;1471
12500;49000;13400;55200;31000;1610;29900;28860;1445
12250;48950;13300;54000;30580;1665;28900;28060;1437
12200;47850;13320;54000;29980;1665;29000;28200;1425
12350;49150;13420;54000;29920;1735;29060;28200;1440
12500;48550;13360;54000;29440;1700;28480;27540;1426
12550;48700;13340;54000;29900;1700;28180;27260;1419
12550;49950;13460;54000;29520;1820;28620;27760;1435
12750;50000;13380;54000;29880;1755;29000;28100;1435
12750;51200;13360;54500;30480;1820;29280;28580;1440
12850;50000;13300;54500;31460;1810;29040;28520;1434
12850;49900;13280;54500;31260;1765;28500;27960;1425
12850;50500;13200;54500;31160;1750;28620;27880;1431
12750;50200;13260;54500;31260;1750;28820;28280;1437
12700;50300;13260;57000;30960;1750;29120;28880;1444
12700;49300;13480;57000;30680;1740;29300;28820;1446
12550;49050;13420;57000;30260;1740;29540;29000;1448
12450;49500;13460;57000;30100;1775;29540;29000;1451
12350;49500;13540;54000;30160;1775;29440;28780;1451
12900;48650;13500;54000;30220;1760;29520;28900;1450
12750;48500;13580;53980;29860;1780;29120;28780;1446
12650;47900;13780;53980;29700;1735;29380;28820;1447
25;47750;13780;53980;29600;1770;29360;29040;1450
12250;48500;13800;53980;29000;1750;29200;29000;1445
12650;49050;13840;54000;29800;1775;28980;28700;1450
12550;49750;13960;54000;29400;1780;28780;28500;1446
25;50000;13860;54000;29620;1790;28900;28760;1447
12600;49500;13720;54000;29720;1775;29420;29000;1446
12700;48400;13680;54000;29800;1780;29380;29140;1449
12850;49000;13700;54000;29800;1885;30080;29700;1470
12900;48700;13900;54000;29800;1910;29840;29700;1470
13250;48850;13920;54000;29660;1935;29720;29600;1473
13250;49500;14280;54000;29420;1950;29220;29280;1475
13150;49100;14120;54000;29000;1935;29180;28800;1465
13250;49150;14060;54000;29000;1940;29620;29640;1475
12750;49500;14100;54000;29080;1950;29640;29400;1476
13000;50100;14020;54000;29200;2000;29500;29400;1481
13200;51900;14060;54000;29560;2015;29660;29520;1488
13250;51800;14280;54000;29640;2025;29600;29600;1494
12900;51200;14220;54000;29680;2075;29500;29600;1494
13000;52300;14320;54000;29800;2110;29700;29860;1505
12900;52300;14200;54000;29940;2210;29920;29980;1514
12900;54000;14140;54000;30400;2260;29980;29940;1517
12900;53500;14240;54000;30400;2350;29900;29980;1516
13250;54000;14140;54000;30240;2460;30780;30280;1532
13000;54000;14200;54000;30300;2500;31100;30800;1546
13150;52400;14280;52000;30000;2555;30800;30700;1547
13200;53500;14280;52000;29440;2535;30520;30400;1538
13200;51900;14320;52500;29460;2425;30040;30000;1523
13250;52900;14400;52500;29680;2375;30200;30100;1521
13200;53900;14260;52500;29600;2335;30000;30280;1514
13200;52600;14400;52500;29720;2420;31160;31260;1539
13350;52600;14580;52500;30480;2465;31260;31160;1544
13500;51100;14620;52500;30740;2475;31340;31360;1548
13450;51500;14580;52520;30720;2465;31180;31000;1551
13550;51700;14540;53000;31100;2590;30760;30620;1558
27;51800;14520;53000;31320;2705;30900;30980;1570
13450;51000;14420;53000;31820;2800;31700;31300;1590
13350;50600;14480;53000;31980;2745;32240;31840;1589
13350;50200;14400;53000;32300;2760;32680;32380;1593
13400;50000;14500;53000;32400;2775;32540;32360;1598
13500;50700;14400;53000;32140;2700;32580;32400;1583
13400;48900;14300;53000;31880;2660;32460;32520;1558
27;49250;14480;53000;31820;2770;32660;32380;1581
13250;49050;14700;52740;31680;2665;32080;32100;1568
13250;49500;14300;52980;31000;2485;31120;31040;1523
27;48600;14220;52980;31400;2500;31280;31100;1527
13250;48700;14360;52500;31840;2430;31560;31700;1527
13400;49000;14180;52500;31500;2335;31200;31220;1505
27;49500;14000;52500;31120;2445;31260;31100;1501
13250;49750;13900;52500;31900;2420;31520;31680;1509
27;49950;13720;52500;31400;2385;31580;31620;1505
13200;49900;13780;52500;31480;2500;32060;32140;1519
26;49500;13760;52500;31400;2490;31820;31900;1514
13100;48650;13720;52500;31460;2485;32060;32060;1521
13100;48650;13540;52500;31200;2480;31840;31840;1516
13100;49000;13300;52500;30620;2485;32240;32100;1517
13100;48750;13600;53000;30200;2475;32380;32460;1525
12900;48900;13740;53000;30240;2565;32660;32400;1532
26;49250;13800;53000;30160;2625;32360;32400;1533
12500;48500;13800;53000;29940;2655;31780;31760;1525
12550;47950;13960;53000;29820;2630;31400;31500;1517
25;47400;13700;53000;29700;2510;30180;30160;1478
12400;47500;13800;52000;30000;2480;30000;30660;1466
12250;47000;13200;52000;30000;2480;30240;30540;1456
12050;47950;13400;52500;29760;2510;30620;31000;1470
24;48950;13540;52500;29820;2505;31040;31120;1476
11900;48500;13400;52500;29880;2450;31300;31920;1474
11800;48700;13320;52500;30200;2475;31300;32100;1474
11600;48800;13200;52500;30200;2505;31580;32600;1482
11550;48850;13200;52500;29780;2480;31300;32600;1479
11450;48600;13020;52500;29880;2505;30820;32000;1468
11450;48200;12980;52500;30200;2505;30600;31540;1464
11400;47850;12820;53000;30240;2535;30560;31660;1467
11200;48250;12840;53000;30220;2590;31200;32200;1476
11150;48450;12940;53000;30100;2670;30900;31660;1477
11150;50500;13000;53000;29980;2750;30540;31680;1486
11400;49050;13260;52500;29980;2620;30180;31400;1468
11300;49250;13160;52500;29940;2700;29380;30400;1459
11450;49000;13080;52500;29940;2775;30400;30500;1469
23;47250;13080;52500;30160;2645;29780;29700;1450
11350;46200;13320;52500;30120;2615;29280;30220;1456
11450;44050;13420;52500;30280;2690;30160;30780;1471
11450;44850;13660;53000;30900;2730;31300;31800;1493
23;44700;13560;52500;31180;2740;31900;32240;1498
11550;46000;13880;52500;31360;2740;32600;32960;1515
11500;45750;13980;53000;31400;2730;32900;33080;1521
11950;46500;14320;52500;31560;2745;33100;33460;1532
11450;46950;14420;52500;32180;2790;34120;34100;1548
11300;47750;14120;52500;33000;2980;34300;33800;1560
11350;47050;14120;52500;33300;2955;34000;34100;1556
11400;47850;13860;52500;33000;2835;33520;33720;1538
11450;48200;13980;52500;32220;2760;33400;33560;1530
11300;48450;14380;52500;33000;2870;34080;34500;1552
11350;47850;14700;52500;33200;2935;33940;34700;1562
11250;46750;14840;52500;33280;3030;34300;34900;1572
11300;46250;14880;52500;32800;3030;33760;34200;1561
11250;46700;15100;52500;33000;3085;34400;34280;1577
11260;47450;14500;52500;32700;3060;33400;33880;1563
11260;47450;14900;53000;32980;3045;33060;33160;1558
11200;47450;14640;53000;32700;3010;33160;33500;1553
11260;46750;14400;53000;33280;3070;33700;34000;1566
11160;45850;14480;53000;33760;3100;33300;33200;1566
11160;47250;14320;53000;33820;3105;33460;33700;1566
11160;47450;13980;52800;33800;3095;34000;33520;1553
11200;47000;13800;53000;33500;3095;33520;33560;1547
11240;47250;13900;53000;33200;3030;33860;33660;1544
11000;47100;13760;53000;33200;3085;34320;34120;1546
11060;47200;13820;53000;33300;3160;34220;34160;1558
10900;46600;14080;53000;33020;3100;33820;34300;1553
10840;46550;13960;52820;32500;3135;33620;33860;1550
10740;46600;14460;53000;32700;3290;34360;34000;1571
10900;46500;14080;53000;32460;3205;33500;33440;1547
11040;47300;13800;53000;32360;3170;33000;32720;1526
11000;47100;13860;53000;32220;3150;32800;32500;1521
11100;46950;13900;53000;32160;3125;32620;32440;1517
11240;47200;14040;53000;33000;3110;32920;32500;1525
11160;46650;14260;53000;33100;3025;32660;32600;1523
11280;47100;14140;53000;33500;3075;32420;32320;1528
11300;47200;14100;52820;33760;2955;33200;33480;1526
11300;47200;13980;53000;34140;2900;33680;33600;1524
11300;47500;14060;52820;34560;3030;33680;33620;1539
11280;47500;14000;52820;34800;3120;33400;33080;1546
11240;46900;14160;52820;34460;3090;33500;33120;1547
11240;46950;14400;52820;34740;3110;33900;33720;1564
11300;45750;14380;52820;34800;3080;33900;33700;1560
11280;44500;14400;52820;35200;3015;33620;33780;1555
11300;45800;14560;52820;35360;3060;33100;33080;1550
11300;45600;14640;52820;35700;3045;33120;33140;1548
11300;47150;14760;52400;35700;3005;33780;33600;1551
11360;46600;14600;52400;35280;3010;34180;33540;1553
11340;47000;14420;52900;35580;3005;33760;33800;1551
11760;47000;14000;52500;35200;2960;33980;33020;1541
11700;47500;14120;52500;35400;2985;34660;34100;1556
11720;47200;13720;52880;35560;2905;34300;34000;1538
11760;47500;13640;52500;35440;2875;34200;33620;1532
11800;47400;13700;52500;35300;2845;34500;34060;1534
11900;45700;13660;52300;35380;2880;34100;33500;1523
11920;46200;13900;52280;35580;2820;34000;33520;1523
11920;46800;14260;52280;36000;2885;34480;33800;1544
11920;46000;14220;52280;35840;2970;34480;33800;1550
11960;47650;14400;52100;35700;2985;35200;34560;1556
11960;48000;14500;52000;37000;3025;35720;35320;1577
11960;48500;14020;51900;37080;2930;35980;35420;1561
11900;48500;14500;51000;37160;2930;36200;35540;1571
11760;46950;14500;52400;37800;2895;35920;35800;1567
11840;47000;14140;52400;36840;2935;36020;35480;1558
11760;47000;14160;52000;36520;3000;35520;35000;1555
11720;46950;14220;52000;36720;3020;35680;35000;1561
11660;47000;14060;51500;36720;2955;35580;35000;1554
11760;46100;13940;51900;36720;2945;35400;34600;1546
11800;46000;14020;51900;36720;2965;35100;34700;1547
11800;45850;14160;52000;36980;2940;35260;35000;1551
11660;45500;14180;52000;36980;2960;34880;34720;1550
11600;45700;14240;51980;36860;2965;34800;34680;1552
11740;46750;14280;51500;36840;2950;34540;34440;1547
11740;47000;14320;51500;36820;2970;34680;34560;1549
11720;46650;14240;51500;36800;2965;34580;34540;1545
11700;46900;13800;51500;36600;3000;33700;33600;1527
11700;46800;14280;51500;36600;3005;34020;34000;1537
11700;47500;14300;51020;36280;2985;34020;34440;1536
11880;47300;14400;51500;36500;3080;33940;34220;1548
11880;46450;14200;51500;35700;3070;33200;33460;1527
11800;47400;13980;51500;35400;3125;33960;34380;1540
11820;47500;13820;51440;34760;3130;33140;33320;1529
11800;47550;13720;51440;34400;3095;34020;34300;1532
11900;47550;13720;51380;34440;3140;33740;33580;1528
11900;47750;13980;51380;34500;3175;33800;34000;1542
11840;47700;13900;51100;34180;3030;33580;34000;1532
11900;47700;13840;51380;34600;3070;32920;33100;1525
11860;47900;13680;51480;34420;3060;33180;33180;1520
11900;47750;13740;51460;34420;3100;33120;33020;1524
12000;47750;13840;51380;34800;3000;33240;33260;1521
12000;48000;13640;51440;34560;3065;33660;33520;1525
12100;48500;13580;51460;34520;3095;33800;33560;1529
12120;48500;13660;51460;34420;3140;33440;33420;1533
12560;48250;13680;51460;34680;3220;33100;33280;1536
12600;47000;13800;51460;33900;3240;33000;33080;1535
12600;46500;13880;51400;34960;3270;33020;33000;1539
12660;47750;13880;52000;34720;3305;33640;33960;1544
13180;46500;13760;52000;35200;3330;33720;33880;1548
13200;47200;13600;52000;35720;3385;33160;33400;1544
13300;48500;13560;52000;35900;3445;32920;32980;1541
13000;48500;13520;51760;35500;3420;33200;32800;1543
12900;46500;13440;52000;35580;3395;33220;32960;1536
13000;48400;13420;52000;34980;3455;32900;32620;1530
12820;47000;12920;51860;34980;3430;32520;32360;1509
13480;46950;13020;52000;35200;3390;32100;32260;1485
13200;46650;13160;51000;34500;3410;31600;31500;1476
13000;47500;13460;51500;33040;3410;31140;30720;1472
12980;48000;13480;51500;33700;3480;30460;30500;1481
12900;48300;13380;52000;33520;3820;31220;31160;1510
12980;47900;13640;52000;33480;3765;30500;30860;1501
13000;46700;13540;52000;33040;3790;30400;31800;1498
13000;46550;13120;51980;33560;3870;30580;30820;1495
13000;47050;13500;51900;34000;3940;30820;31280;1510
12920;47450;13380;51980;34320;3850;31600;31640;1506
12920;47400;13020;51560;34700;3715;32020;32000;1486
11640;47550;13600;51980;36000;3680;31200;32180;1483
12480;46550;13260;52000;35240;3900;31500;31700;1492
12340;47250;13180;52000;35000;3930;31480;31500;1489
12500;46900;13220;53000;34700;3925;30800;31480;1487
12260;47500;13380;53000;34260;3980;31120;31720;1498
12200;45850;13380;53000;34200;4030;31300;31900;1506
12200;47250;13380;52960;33800;4150;31840;32040;1513
12200;46900;13400;52960;33560;4105;32100;32040;1512
12180;47100;13660;52700;34120;4160;32300;32400;1525
12100;46400;13760;52960;33980;4080;32160;32160;1517
12000;46750;13400;52980;33980;4015;31900;31560;1495
11800;45800;13180;53000;33200;3990;31900;31500;1485
11800;45800;13000;54980;33940;4080;31780;31720;1498
11980;46500;12840;57000;33940;4015;31280;31080;1480
11900;45050;12720;60000;33920;3900;30840;30260;1460
11940;45500;13200;62200;33320;3950;31000;30040;1463
11900;45450;13340;62000;33320;3970;31980;31480;1479
11900;45450;13180;60000;33760;3965;31280;30880;1476
11880;45150;12960;60000;33180;3925;30640;30100;1461
11880;44000;12800;62000;32940;3950;30240;30200;1452
11860;43950;12200;62900;32480;3960;30220;30240;1440
11860;44000;12380;62980;31240;3845;30240;30500;1434
11860;45000;12300;63500;31180;3685;30020;30120;1412
11880;45000;12140;65000;31000;3705;29380;29400;1395
11640;45000;12000;63800;30620;3755;29580;29420;1397
11600;45000;11740;63900;30760;3690;29800;29800;1392
11580;45000;11920;64980;30980;3750;29620;29600;1395
11500;43650;11960;64020;31000;3740;30100;30280;1392
11440;45500;12280;64100;31600;3465;30980;31000;1383
11400;43450;12560;63020;32500;3430;31000;31180;1391
11300;45650;13000;63100;33100;3440;31000;31240;1402
11280;46250;13480;62000;34120;3480;32000;32000;1423
11120;46250;13580;61000;34020;3425;32200;32260;1425
11120;46250;13200;61000;33720;3440;32100;31320;1420
10840;45400;12740;60800;34200;3240;31300;30680;1387
10700;47000;13220;61000;33500;3250;32000;31620;1402
10700;48750;13220;61500;34120;3280;33600;33300;1427
10740;50500;13420;63000;34000;3275;33940;33780;1437
10800;52300;13120;63000;33640;3190;33400;33480;1423
10800;50000;12900;64200;33040;3060;33060;33040;1389
11020;51500;12900;64200;33100;3150;33300;33220;1390
11120;51400;12860;63000;32780;3140;33320;33320;1388
11120;50000;12900;63000;32360;3020;32800;32420;1371
11380;50700;13240;63000;33500;3075;33880;33400;1394
11760;49000;12900;62000;32700;3140;33300;33200;1383
11720;50000;12940;63000;32840;3115;33180;33360;1385
12020;48550;13020;63500;32800;3110;33200;33500;1387
11940;48550;12940;63900;32520;3105;32220;32180;1379
11660;50700;13000;64200;32840;3290;33400;33200;1406
11920;50600;13440;65000;33000;3160;33400;33300;1400
11900;48750;13480;65000;32880;3220;33760;33300;1408
11800;49500;13580;65000;32700;3100;32980;32960;1390
11900;50400;13740;65980;32680;3100;32420;32100;1382
11880;50500;13740;66000;32240;3020;32580;32380;1377
12020;50300;13720;68000;32700;2980;32780;32420;1373
12060;50200;13740;70000;32400;3015;32900;32580;1374
12060;49550;13780;74600;33400;2960;32420;32600;1365
12060;50000;13780;74600;32800;2940;32160;32440;1359
12060;48750;13800;74000;31540;2875;31500;31320;1336
12100;48750;13700;69000;32600;2835;31800;31340;1336
12000;48050;14080;75800;31020;2815;31280;31300;1332
12020;47250;13700;76480;30580;2615;30420;30360;1298
12100;47500;14000;76000;29600;2665;30960;31480;1302
12100;45750;14300;75860;30400;2550;30020;30000;1302
12400;45750;14280;68300;30200;2720;30900;30800;1329
12480;45750;14000;70000;30880;2715;31200;30640;1325
12100;48200;13980;70000;30920;2645;31400;30400;1326
12200;48200;14000;74000;32000;2650;32000;31600;1333
12480;48200;14340;71000;32000;2760;32000;32400;1349
12480;50000;14500;73780;32200;2800;32700;32400;1357
12320;50300;14620;71000;33000;2890;32780;32420;1368
12300;50500;14160;74000;33220;2935;33720;32980;1378
12300;50000;14220;72000;33800;2935;33940;33100;1384
12300;50200;14380;72600;34280;2900;34000;33500;1388
12500;51100;14200;72000;34280;2910;34260;33760;1393
12380;51300;14220;70000;34700;2930;34100;33500;1393
12440;51100;13880;70000;34300;2930;34100;33500;1391
12440;51100;13920;70000;34260;2910;34080;33760;1391
12420;50500;13980;69000;34300;2895;34400;34020;1393
12400;51200;13960;69000;34100;2900;34500;34220;1399
12140;53000;14000;69500;34480;2900;34540;34140;1404
12080;52500;14120;69000;34780;2825;34300;34000;1407
12040;52500;14180;70000;34840;2835;34500;33840;1417
12000;52700;14040;69000;35600;2860;34300;33620;1425
12000;52500;13960;69000;35900;2815;34200;33280;1430
12000;52900;14000;67000;35000;2850;34220;33560;1437
12080;52600;13960;67000;35380;2915;34480;33660;1450
12000;50500;13920;70000;35640;2920;34360;33340;1447
12160;51000;13920;70000;36680;2935;34800;34200;1462
12180;50600;13900;69980;36600;2920;35760;35200;1475
12160;51400;14080;69520;36820;2950;36360;35760;1493
12140;52000;14100;70000;36400;2920;36280;35700;1489
12120;50800;13960;69500;35780;2865;36000;35100;1472
12220;49550;13900;71000;35320;2865;35840;35260;1469
12380;50100;13940;71000;35480;2840;35740;34980;1468
12360;50100;13940;69540;35120;2925;35520;34600;1474
12300;50000;13960;69500;35620;2955;35300;34480;1473
12300;50000;14000;71000;37400;2965;35500;34500;1477
12360;49650;14120;73800;37100;3055;35700;34800;1489
12320;49650;14100;73980;37020;3065;35200;34240;1483
12380;50900;14060;75000;37000;3050;35300;34300;1478
12400;50800;14100;76000;36640;3085;35600;34520;1479
12500;50900;14060;77000;36400;3060;35900;34780;1478
