Oír;Hablar;Ver;Caminar;Manos;Aprendizaje;Comervestirsebañarse;cardíacosrespiratorios;Relacionarse
12018;4043;47520;44710;6830;14718;1019;15648;2177
215;82;1003;1014;112;107;11;272;6
54;12;126;87;35;26;5;16;0
19;15;103;95;19;36;2;16;6
182;81;654;748;150;267;20;299;18
134;55;572;468;111;120;18;133;29
292;131;1240;1234;211;340;15;616;26
103;40;434;338;43;90;2;100;10
120;50;614;557;128;117;5;153;10
123;78;439;537;115;103;9;145;15
223;89;504;503;72;127;9;84;9
61;20;340;179;36;47;1;29;4
682;308;3161;2003;327;558;40;698;48
216;128;1068;589;81;135;11;58;11
47;21;144;243;27;32;4;66;4
55;14;79;124;25;29;3;12;3
265;119;890;1094;152;245;32;413;43
47;23;157;171;20;29;4;21;6
2367;824;10287;9069;1508;2637;235;3456;454
66;19;201;275;35;78;18;120;7
139;78;474;441;101;97;10;130;14
273;102;1017;757;117;174;20;244;25
75;26;448;311;48;68;5;40;3
44;19;88;126;13;32;1;20;2
191;116;1312;551;78;73;13;82;6
72;34;334;338;54;70;2;64;4
572;185;3580;2556;440;472;34;921;93
73;48;330;332;63;38;7;74;6
90;50;327;268;29;59;10;107;10
32;20;172;145;13;45;4;23;4
68;15;182;126;18;25;2;34;5
143;101;693;491;85;219;18;122;9
492;137;3643;1618;219;465;17;541;48
22;18;47;86;10;16;4;19;4
327;172;1528;1245;201;412;28;286;35
269;162;1192;876;197;308;19;434;27
100;27;322;329;47;54;12;131;11
162;64;734;761;94;203;12;355;38
25;14;61;111;8;23;4;26;7
222;83;701;573;74;79;10;200;7
793;230;5491;2818;449;627;46;1383;80
274;83;1018;741;89;158;9;114;12
50;34;165;182;28;62;10;40;9
151;53;580;779;80;132;5;224;8
107;82;323;274;50;82;14;77;7
100;30;365;188;31;68;4;103;9
1073;266;4652;3273;381;1153;120;995;164
135;68;420;615;109;147;17;229;14
159;74;578;508;75;102;10;162;27
30;28;123;75;8;29;6;17;1
322;130;2540;1512;211;499;17;370;50
156;41;551;327;59;85;1;54;7
111;51;635;352;53;114;3;164;10
49;23;172;152;48;37;1;32;7
204;88;375;783;140;347;20;219;35
19;14;72;115;23;44;9;37;5
69;35;261;317;47;53;5;125;9
68;34;327;199;25;69;25;20;3
2054;582;9284;6575;953;1795;92;2203;227
155;101;470;520;119;113;12;113;20
143;62;360;574;99;78;14;129;15
97;31;314;339;31;76;12;145;14
236;93;720;1010;160;330;35;289;63
457;141;2654;1658;258;410;36;507;89
82;28;304;274;43;59;5;50;1
186;54;1174;829;106;219;9;358;29
148;34;531;430;41;62;6;116;2
50;39;255;271;38;45;3;63;2
340;96;1081;1519;178;401;27;645;70
97;25;310;393;58;86;4;126;8
21;33;173;46;9;11;0;3;1
98;60;431;275;50;73;10;73;14
79;55;270;405;57;76;11;73;6
234;117;1058;667;126;165;14;152;14
117;73;407;367;59;80;10;109;9
36;17;77;97;8;19;3;10;0
115;48;569;759;107;170;8;391;28
123;27;344;358;61;76;11;141;6
85;49;446;472;48;62;5;166;9
215;112;1286;858;109;150;31;272;22
131;44;869;489;81;75;8;85;9
117;49;697;321;34;42;9;126;7
115;57;421;327;39;54;11;51;8
97;40;200;335;56;118;8;82;16
421;170;883;1458;258;532;56;439;62
69;39;192;281;34;55;6;37;6
498;124;1601;1626;279;420;42;384;66
141;60;722;519;98;149;6;135;9
21;9;53;80;13;18;2;14;4
83;48;410;524;92;105;9;234;18
57;16;278;220;27;45;3;55;3
37;27;117;257;55;82;9;39;4
14;11;55;38;4;14;1;5;3
86;44;386;276;36;103;6;27;4
66;30;160;188;13;32;5;31;4
114;36;536;371;49;97;4;66;9
156;116;674;431;54;119;10;65;16
212;74;681;691;90;105;9;192;13
230;72;1128;906;108;143;9;206;13
113;35;211;420;39;163;9;78;12
166;73;355;621;107;194;14;211;25
134;76;394;393;68;82;23;79;14
131;42;501;410;42;87;5;64;5
110;54;262;485;61;247;17;136;27
136;93;755;556;91;127;28;199;24
321;114;1435;1391;239;249;22;459;23
55;31;231;325;52;64;5;53;7
279;88;1472;957;135;324;17;721;20
99;65;308;338;45;70;6;71;10
84;30;361;238;22;65;2;31;7
96;27;229;246;27;56;3;42;8
96;34;305;274;71;82;2;103;4
381;231;1775;1104;199;301;51;223;35
62;33;209;275;32;56;8;126;11
383;106;1840;1414;181;288;12;563;26
63;32;186;246;42;52;7;95;7
69;23;174;138;16;34;2;34;7
113;42;507;374;76;81;4;106;9
171;50;447;431;66;99;7;83;7
58;68;435;163;36;46;2;26;4
96;39;422;312;31;33;5;67;4
259;119;1207;1017;140;187;21;393;24
226;87;692;575;76;126;11;100;24
52;34;189;174;44;38;3;63;9
81;56;266;219;48;74;8;50;5
3133;1762;19867;12059;1226;4373;425;2512;643
402;186;2161;1059;126;314;28;214;25
63;59;183;154;19;37;5;44;8
81;71;497;238;31;45;5;18;6
103;92;396;346;64;152;8;46;21
71;76;339;229;34;98;7;51;14
107;72;695;427;55;100;13;200;12
367;222;3205;1240;155;450;39;533;70
54;43;183;148;24;71;5;66;12
37;31;67;148;18;76;10;21;4
4;11;19;35;4;7;0;2;1
99;47;414;280;36;115;9;25;7
114;110;456;325;21;92;10;70;6
93;69;258;345;27;111;16;56;18
166;66;1095;320;49;123;24;101;18
119;70;231;325;63;142;17;31;10
367;317;1685;1345;171;375;48;428;53
45;58;498;152;21;61;7;59;8
131;46;803;396;32;176;13;57;12
1002;692;8190;4327;607;1599;179;1120;220
54;51;283;210;33;86;6;40;10
58;23;97;140;20;49;6;33;25
46;37;79;123;3;34;7;10;13
42303;10880;167166;125425;22925;34646;3590;45447;5202
1484;1091;7955;5933;719;2873;234;1521;354
51;37;213;226;30;62;9;55;7
58;49;319;227;14;29;6;60;8
36;46;237;149;22;42;6;27;4
204;166;1128;1028;102;357;31;197;16
55;19;267;87;9;36;2;15;6
62;46;213;186;24;52;8;34;4
107;69;553;401;38;139;6;119;9
5;17;38;52;7;21;4;1;1
52;92;347;279;37;67;58;45;6
110;76;499;433;44;91;3;190;5
11;30;49;111;22;38;2;23;8
326;202;2578;1058;107;262;25;380;27
110;32;783;156;22;41;2;53;10
89;57;455;348;37;60;5;55;2
92;95;496;298;29;58;9;56;3
575;396;3025;2186;247;620;45;659;67
127;112;1050;528;89;183;14;258;10
69;49;423;473;48;76;12;74;10
56;85;258;185;12;74;8;29;7
77;46;374;294;62;35;11;50;7
63;101;176;256;19;80;8;27;8
55;45;281;226;47;50;11;31;13
58;20;372;115;26;15;3;71;2
165;97;1118;624;58;57;9;120;7
4;10;39;58;8;6;4;11;4
30;36;152;105;14;37;3;36;5
51;36;342;213;28;41;4;67;1
125;79;531;221;27;78;9;88;11
67;66;408;239;27;33;8;52;10
280;100;1529;671;82;110;7;135;7
63;27;271;162;27;16;7;25;1
151;119;915;562;57;177;9;132;19
49;38;542;285;25;47;6;48;12
73;72;496;404;88;85;10;86;9
16;26;35;77;9;31;1;4;2
39;35;255;265;52;110;4;66;9
166;75;762;619;134;115;11;235;16
85;67;412;320;49;72;8;51;6
112;46;536;199;31;41;6;25;9
77;52;415;247;23;56;5;49;7
121;75;486;365;50;72;1;98;13
434;206;4126;1632;226;500;45;623;65
101;43;252;147;17;55;4;17;4
52;64;176;236;44;69;7;57;4
82;46;333;317;47;80;17;93;7
1034;318;4554;3135;445;780;95;1185;132
54;16;136;125;6;17;3;29;1
215;59;971;598;90;52;9;273;10
46;24;249;214;15;41;3;61;8
130;38;526;353;28;44;5;136;10
20;9;75;116;6;19;0;40;2
20;9;43;93;11;14;1;6;2
137;44;293;381;25;55;6;77;2
41;14;154;172;21;36;7;73;6
26;17;105;96;4;14;4;33;2
71;28;226;182;12;42;7;33;8
10;3;20;21;4;5;3;5;2
34;11;120;185;33;44;3;58;3
37;14;150;154;21;21;1;33;1
71;11;142;170;23;22;4;49;5
57;15;83;162;17;34;2;24;3
337;131;1011;1063;127;254;27;309;32
92;29;183;254;43;50;3;100;6
149;21;337;320;71;46;5;121;14
25;9;55;118;15;18;3;24;4
45;12;180;84;9;24;1;42;1
67;14;194;301;28;42;5;106;1
124;28;324;276;61;56;6;126;10
16;12;9;20;4;7;1;3;4
37;8;168;154;3;16;1;17;0
56;15;129;221;32;22;1;105;2
31;12;105;91;24;26;2;44;0
24;20;136;146;24;19;10;53;4
31;12;119;59;9;11;0;17;1
17;7;38;65;5;19;9;10;4
15;6;63;91;6;11;2;31;3
944;256;2811;2599;307;572;60;914;77
62;13;136;124;12;18;4;49;4
25;11;80;100;11;21;1;54;1
102;28;287;282;21;25;5;65;4
62;6;202;227;21;52;0;78;7
54;7;282;225;38;36;4;87;1
43;17;147;113;12;10;1;33;2
156;41;285;546;43;109;10;113;9
22;4;24;27;2;11;1;5;3
80;29;137;305;38;45;9;78;10
71;13;175;268;22;45;3;82;3
39;8;84;100;14;10;3;36;2
28;4;67;46;11;14;2;14;1
50;22;119;156;19;16;8;39;9
43;14;122;126;12;12;3;58;4
56;29;192;149;54;28;5;60;3
57;13;147;250;21;29;3;63;4
20;9;74;53;5;0;0;12;0
60;6;126;77;6;10;3;21;3
90;29;252;251;54;59;7;98;0
41;10;105;162;8;26;3;55;1
96;43;332;300;47;36;2;80;2
119;20;353;470;41;66;4;171;18
77;23;329;248;28;19;4;125;4
47;22;177;142;35;22;3;34;3
172;72;372;422;78;112;6;194;10
50;10;110;105;4;13;2;31;3
84;28;279;195;23;56;3;80;5
130;23;529;312;36;60;16;100;4
47;14;186;247;25;48;4;97;1
54;10;173;134;18;23;2;51;4
50;18;134;156;23;34;4;37;12
62;13;217;173;5;37;3;82;9
57;17;243;216;28;30;3;58;3
214;73;644;866;110;183;7;254;30
12;5;46;44;8;13;1;12;1
20;8;13;35;5;4;0;2;2
28;13;69;100;12;36;6;18;7
54;6;132;53;6;8;0;12;3
60;13;134;129;2;33;14;27;1
119;19;410;315;35;39;11;128;5
15;6;70;55;9;4;0;12;1
301;150;1259;927;122;215;18;223;24
6;3;21;32;6;9;1;4;1
78;23;286;320;32;45;12;91;3
36;14;80;150;12;22;0;36;0
37;12;48;64;11;8;0;24;2
107;36;169;304;33;67;10;96;13
32;13;106;89;19;25;0;24;3
59;33;174;291;37;53;14;64;10
37;12;131;124;13;29;1;24;5
50;18;73;126;17;34;5;27;4
35;15;20;45;8;21;0;3;2
96;34;135;175;12;14;4;41;2
53;25;148;168;9;18;3;32;2
39;18;144;63;9;26;2;29;1
55;37;128;153;45;35;1;51;10
39;17;176;151;16;19;3;68;3
56;30;89;194;25;26;8;57;6
26;19;87;129;8;9;2;39;3
18;10;113;107;9;18;2;22;1
19;2;78;58;7;9;3;20;1
83;25;287;308;32;27;11;129;6
124;27;318;312;43;65;3;82;3
112;38;355;314;66;69;9;128;11
41;32;96;103;17;16;6;24;14
768;201;2863;2008;258;458;46;961;82
83;13;194;278;15;40;2;87;8
6;6;18;54;8;6;4;24;2
46;30;181;229;24;31;7;45;8
45;16;231;245;26;52;2;57;2
39;12;139;112;10;14;2;65;1
48;17;138;234;19;35;2;56;1
63;22;174;198;20;20;4;58;1
46;15;156;139;12;12;4;18;6
37;15;136;250;31;34;2;82;3
94;37;388;408;31;58;5;238;8
81;16;233;247;45;50;4;89;6
55;15;106;142;14;28;6;62;1
36;11;76;115;17;15;2;26;1
33;9;167;237;30;35;10;83;17
69;18;231;222;21;18;2;45;4
51;18;341;187;45;23;3;69;2
36;16;62;58;8;18;4;39;1
22;9;134;98;14;16;0;26;0
101;28;387;397;44;75;7;104;1
34;12;196;203;19;37;5;89;2
10;8;41;34;4;0;0;2;0
61;23;227;316;34;53;4;94;7
110;30;604;534;61;104;16;181;15
31;19;92;144;8;13;4;39;2
66;26;205;226;18;20;3;47;8
3656;775;12946;10164;1415;2531;200;3276;349
152;62;714;744;104;154;6;467;25
355;124;1196;1057;170;245;20;456;33
143;31;309;221;28;49;11;66;4
105;28;451;307;45;60;3;139;9
283;88;817;971;179;246;29;346;27
97;51;270;272;37;52;9;112;10
258;152;857;1003;128;372;27;259;43
45;19;183;233;15;29;2;56;6
246;80;916;812;144;136;11;326;18
79;19;279;220;28;29;3;93;5
170;63;565;433;74;83;9;93;11
25;3;68;112;18;17;3;13;1
123;58;375;475;94;113;15;196;32
48;40;270;226;38;50;3;64;6
93;25;157;339;57;81;13;90;11
97;42;249;252;37;57;5;47;8
160;61;554;570;85;139;4;174;17
670;199;1679;1794;263;264;27;430;47
106;24;332;241;36;45;6;87;3
166;56;534;592;86;119;9;131;12
167;47;965;771;161;107;11;291;22
65;15;116;171;26;38;0;62;1
290;103;1362;1242;195;197;16;306;26
44;17;112;162;23;50;8;30;7
398;125;948;1093;155;375;23;185;37
150;36;403;396;53;117;7;123;3
804;402;3487;2637;407;662;76;694;88
16;11;80;103;22;31;14;38;3
44;21;172;158;36;44;3;42;7
180;153;811;459;123;84;10;115;11
66;37;328;225;56;32;3;52;5
171;67;928;536;61;92;11;149;7
108;36;508;341;59;84;6;111;6
111;38;387;247;49;38;0;61;2
31;15;143;94;15;18;2;26;0
35;12;271;111;9;24;0;14;4
281;161;1381;611;92;91;19;123;8
89;45;500;276;54;61;4;54;4
180;162;864;496;72;95;21;97;7
41;72;227;120;43;21;4;13;5
42;31;215;98;22;17;3;18;1
26;14;198;93;15;26;2;16;3
3439;744;11763;8403;1605;1961;163;2834;247
414;107;1133;874;108;193;17;412;16
208;79;819;611;122;90;16;221;11
297;95;981;676;63;75;13;206;6
524;123;1913;1200;196;331;38;380;28
264;110;767;682;122;91;9;163;10
342;114;1138;867;230;205;17;360;20
618;183;1568;895;169;111;38;290;17
399;102;1174;699;149;158;22;153;14
372;97;1378;706;141;112;25;318;16
648;199;1801;1250;259;373;33;475;33
144;46;463;200;23;46;2;45;5
158;63;547;331;62;136;7;67;14
141;76;469;330;34;52;25;43;6
571;165;1790;901;160;160;19;242;14
275;69;462;269;62;73;7;73;18
316;65;940;534;92;97;3;151;7
501;126;1286;711;123;159;17;199;13
117;110;505;269;41;42;2;59;4
399;113;1465;644;90;108;11;190;8
269;89;766;723;163;199;18;136;41
524;116;1438;935;174;133;17;258;19
100;52;438;217;19;43;4;29;8
353;134;841;559;117;110;16;150;29
280;129;1146;1004;198;215;19;470;24
41;21;131;100;27;27;0;18;2
405;119;1021;916;169;216;19;283;22
196;105;680;609;116;172;16;106;17
225;94;559;533;64;104;14;173;31
197;44;283;347;48;75;5;72;4
226;60;618;404;77;70;5;141;2
831;280;2271;2103;461;491;36;379;68
95;44;463;407;64;70;0;87;4
592;119;1608;860;160;131;22;211;40
164;51;352;276;48;79;9;80;34
284;85;987;596;122;81;11;135;5
118;25;377;304;48;64;1;158;7
702;165;2462;1431;243;370;36;498;27
186;182;863;488;62;105;28;98;18
522;116;1228;673;90;100;10;174;18
193;95;574;356;88;87;13;69;8
66;29;193;264;56;74;6;71;14
2120;1240;14351;6647;1035;1802;239;2892;258
659;371;4098;1927;246;365;48;710;56
272;198;1296;892;175;220;29;335;20
54;56;249;207;35;72;2;61;7
83;63;434;244;46;53;12;69;6
100;111;537;386;51;108;7;67;10
83;131;376;373;44;89;19;80;19
146;141;692;501;70;104;21;150;18
226;119;1130;658;102;144;13;325;17
202;121;958;535;67;77;22;89;11
124;140;681;509;111;82;7;203;9
175;92;948;409;50;109;8;92;7
46;18;221;184;20;47;6;96;4
103;75;570;348;32;54;4;79;6
71;73;403;219;50;72;4;69;8
75;47;369;175;25;63;2;38;1
131;90;655;435;69;114;8;158;4
108;74;570;372;46;91;4;133;21
95;80;460;282;52;39;13;81;3
210;68;1277;421;66;110;7;165;8
120;88;554;404;42;102;11;163;11
176;90;2187;562;81;111;12;335;11
72;47;551;190;30;42;9;21;3
107;94;844;334;60;74;12;93;14
86;70;528;359;35;59;9;54;11
1048;738;3308;3416;489;1307;146;1023;162
155;119;795;516;46;139;10;120;20
105;75;315;225;31;33;5;38;5
68;69;355;208;24;96;8;26;6
336;225;1344;1304;167;444;67;466;30
68;45;268;188;17;35;6;62;6
164;110;770;408;54;133;20;296;19
222;127;976;663;75;171;28;180;32
146;53;1007;419;58;105;4;123;8
81;59;362;326;73;58;6;60;7
330;248;1187;983;139;307;45;234;49
75;48;232;213;35;48;6;40;7
81;46;812;342;49;108;11;219;16
239;175;1521;777;114;211;28;254;33
49;71;228;298;42;69;9;42;7
230;188;883;691;86;258;28;138;50
98;72;295;274;43;120;17;45;13
93;90;435;291;45;96;6;44;11
181;93;478;378;67;71;12;63;13
59;40;299;184;11;38;5;80;4
673;310;3465;1730;166;447;39;396;36
103;124;316;319;49;69;8;47;25
125;82;456;476;76;129;15;74;11
175;99;827;626;61;140;14;215;19
55;59;193;220;37;77;8;30;13
63;74;266;149;35;77;12;37;3
276;127;1502;942;121;221;39;234;21
489;263;2408;1340;187;248;36;318;32
208;95;818;365;71;92;37;136;10
39;51;77;112;18;67;8;13;6
91;27;295;342;35;69;11;69;9
143;47;423;242;44;40;4;86;2
137;41;340;471;65;76;10;90;10
213;65;693;505;59;91;8;163;4
138;30;164;254;27;60;6;53;5
37;13;150;98;14;3;0;13;0
41;7;51;90;16;25;0;12;5
65;18;139;185;57;82;2;43;6
36;20;124;124;26;32;0;36;1
135;58;545;425;58;62;5;196;4
364;117;1469;1131;308;305;28;524;76
52;27;65;70;17;21;5;19;2
120;46;188;369;33;76;11;100;16
123;39;617;347;64;41;1;159;9
86;25;627;476;93;84;4;206;10
722;181;2674;2006;408;577;58;819;85
155;33;651;349;14;90;5;98;11
132;27;403;464;79;67;7;135;10
206;71;1096;490;90;123;7;234;17
232;80;389;522;50;123;7;154;9
238;72;639;488;85;138;9;174;20
108;31;283;247;58;54;5;66;5
444;93;1836;1040;112;223;17;393;15
28;5;26;45;5;21;1;3;1
34;26;597;167;52;55;4;92;6
538;191;1247;1737;388;506;49;489;74
171;50;518;556;50;129;11;235;4
87;39;343;333;41;49;1;136;5
356;115;1937;919;199;327;32;277;46
44;31;221;261;25;28;1;109;3
1160;280;4100;2924;363;671;67;1402;102
80;22;228;276;50;64;4;131;4
111;44;1064;409;87;76;8;131;8
158;34;494;570;39;102;9;78;7
66;19;168;152;11;22;2;65;5
487;200;1115;1630;155;539;60;341;42
71;21;236;150;23;52;5;42;5
76;35;278;249;40;76;8;152;4
189;97;459;526;61;107;17;60;8
114;31;188;273;36;79;8;66;5
28;14;213;92;12;8;4;51;6
110;37;543;384;24;51;4;120;1
88;16;260;200;31;61;2;45;3
10;20;37;58;6;15;2;4;8
64;22;178;168;25;41;0;34;1
37;6;56;49;2;9;2;12;1
92;17;201;384;54;49;7;100;5
160;47;300;518;71;149;20;143;11
421;84;1345;1169;144;164;13;520;33
91;40;181;147;23;17;7;32;5
91;25;205;254;44;26;5;63;6
172;57;477;369;42;44;11;66;7
82;15;276;284;34;58;9;88;5
91;30;269;343;47;85;5;128;7
484;186;1434;1498;372;388;38;455;57
74;18;170;185;13;26;4;54;2
60;37;138;122;18;52;1;49;4
552;163;2207;1468;347;508;41;440;72
8;11;20;42;2;10;2;3;1
56;27;152;185;33;37;6;62;6
74;17;155;141;12;33;6;31;2
35;23;94;93;9;20;0;48;3
91;28;379;295;30;27;1;60;4
75;16;440;205;22;40;11;125;5
376;99;1011;1067;127;242;25;464;28
74;36;239;232;26;35;2;62;3
71;28;251;213;19;35;8;52;5
49;23;244;178;9;25;4;55;4
156;28;592;364;51;76;4;76;6
191;68;884;504;45;87;5;183;10
37;19;68;98;22;29;0;16;1
71;15;144;140;29;16;1;34;1
45;11;129;158;19;17;4;66;3
183;52;658;456;90;94;8;203;9
63;24;137;220;31;37;3;35;6
74;30;199;210;17;50;10;68;7
103;18;293;302;36;47;5;88;3
152;42;697;453;28;60;1;172;4
57;14;174;113;19;32;2;14;1
73;28;381;235;20;38;7;95;6
118;41;263;202;20;61;4;44;10
141;29;370;329;40;57;3;67;5
116;29;373;295;61;44;3;85;5
222;68;1147;640;125;164;16;253;29
210;61;536;724;95;134;19;201;12
126;50;619;435;65;81;8;255;12
3246;1120;10022;9025;1992;2537;233;2792;393
194;60;1176;767;158;102;22;294;19
78;23;212;247;52;67;2;144;10
82;28;173;198;38;40;10;81;6
104;27;495;261;36;39;2;94;4
40;23;151;192;27;35;6;71;2
47;18;185;131;26;26;2;70;4
113;26;223;384;86;91;6;164;10
59;19;231;108;11;19;0;16;1
119;21;416;415;46;46;1;142;6
104;37;172;232;46;63;4;51;5
117;25;344;201;27;25;0;94;2
23;10;77;119;8;32;4;32;1
254;83;717;651;48;112;8;242;15
202;64;743;536;152;138;6;123;20
73;34;179;209;18;32;0;25;0
106;55;171;226;16;71;7;49;6
155;50;376;363;39;44;5;125;4
142;71;718;572;140;152;17;333;24
140;41;878;491;85;87;2;295;8
40;17;72;120;15;35;2;8;0
124;36;379;579;54;30;2;85;4
49;25;90;142;15;34;2;31;6
49;9;115;140;22;16;1;53;1
203;74;1448;858;146;173;11;438;10
161;71;504;587;85;93;12;217;9
285;76;1359;871;100;102;4;228;9
72;27;216;197;23;37;4;47;9
107;26;409;195;30;38;5;84;3
1079;264;5074;2618;528;702;49;872;79
477;368;2011;1491;213;330;65;228;57
50;45;206;140;19;20;10;20;3
26;38;246;42;10;8;1;6;2
39;29;158;135;24;27;2;38;4
60;43;228;150;29;12;1;23;0
36;23;148;80;22;26;4;22;3
61;39;250;184;26;26;4;7;3
67;28;134;147;15;28;7;19;2
26;31;222;87;11;22;3;4;0
55;44;146;93;14;18;2;10;3
20;34;107;62;7;6;1;8;2
58;77;454;280;26;48;9;42;5
69;41;310;196;33;38;7;87;8
101;239;699;147;33;53;5;58;6
88;121;366;255;39;86;14;32;9
43;31;107;46;8;14;2;1;5
16;31;116;69;9;18;2;10;1
33;38;111;120;11;19;1;12;3
52;61;166;213;18;18;6;6;4
71;70;458;215;32;49;9;33;5
36;26;245;137;26;41;10;32;4
11;15;38;23;6;0;1;11;0
15;24;76;74;10;23;2;13;4
56;28;103;75;13;30;2;13;0
111;95;387;300;67;53;8;69;3
32;13;94;46;21;12;0;18;2
21;31;95;175;4;7;5;7;1
98;79;495;278;56;73;17;119;21
82;70;539;164;29;49;5;45;3
73;65;355;187;34;37;8;26;3
2324;903;10090;7139;776;1803;141;1450;185
182;58;750;608;83;81;6;187;8
132;81;657;406;68;105;5;120;5
138;89;432;385;59;124;12;55;5
207;83;640;610;87;125;10;206;13
70;10;247;136;19;21;3;21;1
29;18;67;106;11;40;4;12;1
270;141;1842;1251;147;200;16;463;26
101;32;280;300;38;47;1;52;5
48;7;117;103;14;24;5;12;2
514;246;2338;1692;241;377;34;599;33
260;80;872;749;126;179;15;216;15
146;59;462;406;55;56;15;78;18
72;34;181;194;25;34;3;51;4
89;37;255;193;43;47;1;84;5
415;151;1479;1084;182;244;20;308;21
72;45;202;159;35;68;10;50;6
631;218;1927;1715;248;300;20;610;25
91;28;308;168;32;52;3;33;4
116;55;623;446;55;50;11;110;6
103;21;320;242;21;63;7;47;3
296;83;1589;803;104;139;16;198;13
166;53;792;498;67;67;6;264;5
114;46;423;303;45;57;2;72;11
931;331;3394;2493;371;452;59;692;70
197;70;524;533;77;138;8;99;14
131;62;628;481;54;82;44;158;7
497;133;1880;1080;176;214;16;475;21
156;53;713;412;56;67;3;171;14
111;65;425;337;53;58;6;148;5
164;75;516;399;67;67;10;83;5
163;43;846;421;52;80;8;143;7
108;49;189;230;25;34;10;31;1
62;30;154;131;15;39;3;34;5
280;98;1154;895;138;173;8;357;5
133;30;308;320;34;57;6;78;1
43;25;164;145;20;27;6;51;2
570;345;2131;1472;244;440;74;417;61
69;52;385;229;30;33;6;87;1
80;72;275;206;43;54;5;99;5
135;95;809;523;39;69;9;250;8
74;47;178;123;16;41;8;44;4
44;22;227;148;18;27;7;127;2
143;109;461;402;67;147;18;97;9
61;49;243;116;22;30;2;25;11
29;17;130;66;10;20;1;33;1
335;358;1677;1050;145;292;59;390;52
83;104;247;123;31;35;16;46;9
400;163;1609;1002;117;275;37;329;21
378;120;482;232;61;239;79;83;34
54;35;199;140;19;35;3;18;8
99;55;418;301;35;113;7;89;12
1535;950;7048;5944;848;1631;169;1466;249
57;62;342;280;49;46;4;49;4
80;73;253;327;64;96;15;68;16
57;46;166;134;21;69;8;23;10
58;25;197;99;14;24;1;29;6
36;29;118;68;9;14;9;41;3
325;269;1472;1675;267;562;55;552;71
34;36;119;98;9;42;7;18;8
390;299;3201;1742;263;355;30;690;51
63;57;528;295;42;90;11;67;3
29;41;133;176;24;50;16;60;8
175;148;720;619;117;254;26;163;39
92;71;523;436;29;141;22;124;13
15;36;94;58;10;14;1;16;9
1;5;7;17;2;3;1;2;2
57;31;318;170;24;55;9;63;10
242;171;1402;746;86;184;24;175;14
122;115;450;490;76;144;10;91;19
100;101;395;328;56;93;11;96;19
4;14;33;33;3;9;1;1;0
23;31;55;62;12;18;3;4;4
95;40;399;273;34;65;3;81;5
50;70;251;259;25;68;5;31;9
47;31;228;150;21;49;4;72;3
56;68;301;280;32;56;4;57;7
57;52;164;144;33;36;3;27;5
75;80;546;222;32;43;10;70;13
101;47;312;232;29;54;6;66;8
71;39;371;139;18;21;3;48;6
173;188;934;636;97;164;23;166;24
2031;905;5874;6157;930;1740;208;1395;259
392;192;1433;1357;217;335;44;366;31
32;22;117;74;9;19;1;12;2
38;15;199;84;11;23;2;9;3
72;27;298;199;39;53;6;42;9
63;26;267;193;40;29;2;35;3
134;71;474;391;38;83;17;60;8
27;8;70;66;9;11;1;33;2
35;31;121;163;24;47;2;22;9
54;12;116;81;19;30;0;9;1
72;30;435;248;40;49;6;216;9
283;181;908;905;103;216;26;149;28
108;30;406;327;57;82;9;94;9
28;10;81;50;8;5;0;11;0
72;38;327;223;43;48;2;69;2
136;97;671;296;64;49;17;109;9
29;37;123;119;37;18;2;31;2
98;24;412;245;39;38;13;78;6
34;16;100;134;36;29;7;61;4
184;87;904;278;62;48;8;119;10
156;69;471;354;45;93;6;94;14
38;15;155;176;20;42;10;55;9
89;41;609;329;72;39;3;154;5
109;53;428;320;57;90;11;75;11
56;41;255;157;26;33;6;30;12
107;30;371;194;47;40;2;37;3
24;4;63;52;5;7;2;12;0
104;50;243;311;52;96;10;60;9
170;39;881;492;73;81;7;131;9
4368;833;13849;11142;1962;2542;211;2513;287
214;82;704;668;91;83;6;265;20
131;27;406;433;74;51;6;83;4
159;38;244;235;36;77;4;34;11
204;43;429;302;54;68;6;63;11
212;236;1376;601;75;116;19;146;20
185;28;673;435;33;47;2;62;4
382;119;1107;775;139;143;7;195;30
145;68;303;172;39;56;5;125;7
269;57;555;479;77;130;9;85;5
170;39;424;472;59;59;5;64;6
258;54;474;512;85;74;24;136;7
156;22;285;299;38;48;8;64;3
360;92;908;906;105;109;11;158;18
63;15;162;204;28;30;0;47;5
278;57;769;347;61;64;5;142;15
128;125;571;392;61;142;15;85;4
155;39;392;318;26;70;9;78;6
153;27;491;320;52;81;8;99;11
383;77;1507;1130;129;164;4;497;17
194;35;411;462;98;79;10;182;18
203;49;426;394;49;61;4;63;10
211;42;524;478;55;43;13;72;11
285;58;844;680;77;79;6;228;6
142;23;455;388;57;75;7;77;6
113;21;274;289;50;37;5;65;7
141;22;337;363;58;28;4;163;11
1430;300;3121;2577;289;390;54;429;64
130;109;355;523;50;122;12;387;19
282;57;873;697;111;88;6;146;9
79;16;355;226;32;56;3;62;4
54;65;294;77;11;25;1;11;1
497;151;1171;1105;174;286;19;419;49
107;25;285;137;36;51;11;55;4
362;76;1157;778;102;97;14;101;11
157;53;619;509;74;84;13;145;10
55;82;512;255;44;63;13;75;8
92;31;178;212;40;54;7;45;8
36;29;140;98;21;27;3;10;3
44;10;154;93;10;29;5;15;4
122;82;502;335;41;58;15;63;7
85;20;225;338;56;35;9;57;5
63;35;282;176;36;23;3;23;3
118;47;501;314;50;29;0;59;12
165;36;363;332;29;54;8;29;9
70;21;157;128;14;34;10;25;7
216;25;377;463;48;49;7;67;3
319;49;848;941;155;142;12;170;22
192;118;503;328;52;52;16;81;6
76;134;223;139;24;25;3;43;4
559;142;1482;1416;247;261;15;425;37
251;88;646;562;132;204;7;169;24
178;49;298;249;58;75;3;39;9
704;173;1804;1150;178;184;13;366;21
389;101;987;788;122;143;7;312;14
112;57;223;236;34;65;7;54;8
63;63;289;160;24;92;11;29;5
188;57;451;397;64;59;9;72;8
182;30;649;537;70;47;4;109;5
367;99;914;1122;136;184;9;239;47
164;38;194;218;42;49;2;58;5
672;462;3020;2023;293;315;74;418;64
529;136;954;1133;214;252;28;207;36
316;44;874;636;106;109;7;159;12
4314;1635;23079;14227;1877;3163;249;4536;365
290;109;1090;710;72;167;18;363;13
111;47;624;440;57;77;2;128;8
118;35;377;226;21;30;0;95;8
37;30;220;243;25;21;3;58;3
45;13;85;129;18;27;2;42;2
50;24;101;146;13;46;5;24;7
226;67;940;559;79;116;16;168;10
144;58;540;362;44;57;6;137;8
226;94;1300;756;73;145;11;339;15
76;20;209;102;5;12;5;43;6
22;6;82;89;21;15;3;14;0
88;65;313;210;27;61;6;33;3
170;110;842;486;54;66;8;197;9
142;70;762;574;68;81;14;147;10
144;40;335;198;19;19;5;30;3
74;55;552;373;44;59;2;181;5
68;13;302;176;20;18;0;39;0
103;34;328;192;18;22;7;35;4
82;40;342;171;10;32;13;45;2
70;18;497;229;21;56;4;137;9
695;217;4503;2330;452;512;32;862;54
46;12;227;109;21;22;3;28;5
72;23;221;202;19;26;1;22;5
992;386;5589;2893;341;689;82;1361;80
403;121;1496;1224;141;273;21;363;31
95;28;296;285;43;33;1;61;1
43;18;125;62;9;23;4;17;5
38;10;170;96;11;18;1;24;0
102;51;535;339;49;52;3;70;2
121;58;621;150;25;53;5;62;21
55;20;161;141;17;47;3;22;2
55;14;281;106;12;19;2;38;4
137;60;446;301;35;66;6;65;5
63;31;154;158;21;9;4;30;5
82;61;448;323;46;65;4;83;3
199;114;1040;487;102;92;13;109;11
178;57;752;578;109;132;5;186;15
54;31;444;248;26;25;3;90;3
503;190;2191;1570;223;403;20;431;34
1816;524;6494;5477;753;1448;132;1989;242
42;11;94;53;3;9;2;26;1
765;201;2843;2261;374;481;39;915;47
251;69;627;750;117;144;16;192;29
49;21;148;117;32;36;0;34;7
96;40;257;270;43;80;6;163;9
42;10;187;145;35;40;6;22;3
434;124;2400;1385;278;226;20;612;27
290;85;818;766;113;175;16;198;28
14;18;50;58;14;16;0;34;1
226;85;862;852;163;162;10;356;35
63;20;123;153;27;36;2;28;3
2546;823;7268;7780;1224;1883;227;2221;294
160;55;500;464;60;72;13;125;14
29;3;26;80;13;16;1;36;1
248;84;883;871;193;172;4;520;39
1506;432;6306;4632;763;1129;110;1678;193
190;58;996;701;139;104;7;434;6
74;21;226;175;24;30;2;64;3
184;87;621;569;108;157;25;249;26
89;50;139;251;37;63;6;85;7
83;23;151;181;26;35;8;46;5
40;27;146;116;26;33;5;50;4
263;83;950;762;136;154;26;490;25
649;179;2515;2070;346;446;36;730;70
189;55;921;509;68;128;5;254;10
3080;1055;11201;11228;1276;2699;283;2975;397
44;9;159;46;12;12;0;7;3
36;20;87;135;8;22;2;48;2
95;33;277;239;30;36;2;95;10
200;70;1241;578;81;90;8;278;18
113;21;494;358;15;32;5;47;5
988;465;5499;3923;521;1070;117;856;112
90;30;464;217;11;28;1;57;5
107;48;401;362;55;63;4;119;10
19;9;146;152;13;7;1;59;1
9;4;47;28;2;1;1;5;1
138;44;387;360;40;42;0;77;3
86;9;371;276;17;26;1;43;8
25;5;137;104;9;16;2;18;1
24;20;115;174;7;21;4;30;2
111;26;318;422;36;49;4;155;3
85;13;144;146;3;18;0;21;0
16;8;103;104;5;10;3;21;0
108;30;422;371;35;41;4;105;8
116;84;635;444;66;112;24;140;11
110;29;466;305;24;81;3;137;9
11;6;49;52;1;11;2;4;0
39;6;198;118;18;46;7;29;3
41;16;137;241;48;57;3;80;7
167;63;824;401;46;76;8;164;5
117;47;542;361;45;34;9;73;8
28;13;185;137;7;10;1;30;3
23;17;102;59;6;4;1;29;2
239;93;1164;660;95;100;5;230;13
8;8;28;82;7;7;0;18;2
70;14;310;229;24;62;1;59;11
53;30;154;172;24;15;2;32;3
1726;549;8433;5600;654;1360;141;1579;158
23;9;138;143;12;13;0;30;4
34;20;140;183;26;35;2;70;8
765;312;4768;3590;525;754;64;1277;121
113;19;347;260;20;33;4;123;5
48;8;228;238;35;27;3;107;13
13;9;23;45;5;5;0;3;2
13;12;72;53;1;27;0;13;5
64;21;313;171;26;17;17;67;7
28;17;131;164;22;13;2;58;0
7;10;30;69;11;39;0;13;6
8;2;54;20;3;3;0;8;0
51;19;204;149;15;14;1;17;1
101;49;485;450;63;99;3;214;7
29;17;220;114;19;48;0;23;0
228;101;1589;863;136;137;14;257;12
105;36;429;301;25;49;1;70;13
44;22;98;195;28;23;1;49;4
288;71;1802;890;82;143;17;425;15
6;6;18;22;1;6;1;6;3
194;79;659;547;43;82;10;202;8
97;24;390;238;32;43;6;61;4
59;21;259;336;56;33;7;151;3
115;38;259;403;54;60;11;113;5
78;28;287;346;37;46;3;74;0
13;8;40;70;6;7;1;14;0
30;7;59;76;5;13;2;19;1
11;11;33;57;12;20;2;21;2
949;341;3236;3377;431;817;69;1167;93
43;26;267;321;26;28;1;104;8
160;65;268;411;61;88;7;92;16
28;31;81;92;26;29;4;27;4
98;98;443;355;37;79;14;75;16
54;47;107;186;23;50;6;29;22
117;95;672;546;129;149;9;221;12
193;41;518;523;50;70;11;160;18
39;8;74;75;8;9;5;3;0
453;152;2515;1966;272;358;25;791;33
38;22;128;116;10;14;2;64;4
81;18;226;302;26;39;2;94;9
32;14;85;78;4;11;2;6;16
318;101;2020;1319;150;139;18;316;27
33;16;63;77;18;10;0;6;1
17;6;80;60;16;27;0;14;1
73;37;278;350;65;59;2;114;8
228;81;1529;936;125;174;15;315;22
104;39;707;352;62;43;3;242;9
78;36;298;251;33;44;6;37;7
27;8;102;86;14;12;2;39;7
26;2;21;62;13;12;1;6;1
70;27;234;199;33;30;5;63;5
243;54;1266;793;130;90;7;348;22
37;8;118;114;10;13;2;21;1
163;24;594;371;29;42;5;150;5
173;38;848;484;34;63;3;118;9
936;593;3449;3010;382;1171;114;732;123
33;18;109;140;13;84;6;37;5
80;59;433;247;16;72;4;34;4
46;26;204;129;11;43;4;22;4
401;203;1993;981;114;345;24;210;32
65;40;526;228;29;53;12;50;6
54;43;342;131;17;25;1;5;1
137;74;618;279;35;86;2;41;7
156;85;565;408;40;103;6;169;11
106;59;301;224;18;36;4;39;2
77;53;346;168;19;62;12;68;3
107;84;846;341;46;117;8;83;8
116;101;601;340;35;72;19;183;12
108;42;620;198;24;78;6;62;5
172;108;810;532;68;126;17;76;8
89;60;347;163;34;43;13;94;4
281;213;1114;696;115;224;30;324;9
113;68;404;289;36;92;16;99;9
58;52;225;166;15;44;36;34;7
353;218;1764;948;102;219;29;309;17
184;140;1121;742;136;213;25;163;21
119;85;467;265;41;93;10;54;14
178;119;876;672;55;150;22;90;19
146;120;641;397;49;109;13;119;9
186;140;1252;716;95;132;8;247;7
47;43;97;157;21;55;10;26;7
2388;873;5919;7426;958;2204;260;1627;284
81;11;221;182;23;38;5;67;3
68;31;172;158;17;31;5;32;7
30;37;472;210;16;61;7;54;1
62;25;147;156;31;30;4;43;1
93;27;307;304;23;68;12;73;5
84;68;309;317;33;55;12;27;15
106;41;251;280;28;63;6;77;9
51;22;122;145;10;51;11;21;4
23;14;37;58;7;20;2;7;5
330;140;888;721;93;148;25;161;21
49;35;110;145;17;42;8;15;0
42;36;67;97;8;33;12;7;5
92;17;309;178;33;48;2;67;7
45;10;112;122;14;31;10;38;6
278;135;764;856;76;352;35;150;30
59;29;291;173;33;40;4;66;6
132;49;219;312;18;120;13;73;8
166;53;605;405;97;93;10;255;29
204;122;499;723;57;171;27;113;17
26;14;40;59;8;17;3;16;4
209;69;672;726;81;168;16;145;9
137;37;451;295;44;76;5;78;5
140;53;467;531;75;143;19;153;7
379;127;1329;1096;172;191;25;386;24
307;119;809;946;121;140;22;256;18
104;57;256;298;50;100;9;71;19
22;17;90;70;12;10;2;15;1
144;62;420;391;32;78;6;80;8
311;156;843;805;108;146;16;124;17
134;74;466;401;51;63;6;137;4
115;33;226;257;13;34;3;31;1
170;76;555;376;73;111;17;131;8
85;37;338;279;35;68;6;84;8
326;121;1549;1120;109;206;19;522;33
152;57;541;318;52;47;10;123;7
41;16;159;96;21;20;1;17;3
113;48;210;329;34;145;6;106;7
131;100;581;500;54;100;15;112;17
113;62;406;350;54;40;9;99;0
154;49;544;395;52;88;14;146;11
43;17;92;121;20;19;0;22;2
43;22;76;59;8;24;2;10;0
34;34;76;65;4;20;6;13;2
104;49;231;261;32;48;6;42;5
102;43;394;345;69;60;3;148;6
37;18;142;241;30;54;4;80;5
16224;4211;79842;44047;6893;11144;982;11279;1334
169;57;796;550;103;146;4;227;6
54;33;84;171;28;62;10;29;13
145;55;1263;490;44;90;10;165;29
88;35;396;165;29;23;5;58;1
59;30;124;166;19;63;6;47;10
1476;915;7906;5192;723;952;134;1471;152
1015;270;4333;2740;368;886;58;1428;68
231;62;719;711;149;212;21;168;16
444;106;1336;1122;159;215;27;408;29
211;45;879;486;113;126;15;178;22
459;177;1486;1096;239;349;49;386;48
1422;334;5812;4585;656;1158;57;1754;125
559;160;2107;1162;190;239;18;293;28
138;57;517;314;58;42;8;119;4
105;26;383;178;24;37;3;98;7
299;135;891;848;158;253;35;173;39
111;40;306;336;70;65;3;81;13
428;144;944;853;117;212;27;114;27
117;33;302;261;34;48;11;81;8
138;71;315;420;74;144;8;122;29
662;240;3287;1835;396;432;57;435;59
267;73;1730;601;123;115;8;255;17
316;79;2099;987;130;244;18;328;38
120;40;313;494;78;98;10;61;10
156;34;1246;511;140;128;10;388;10
1433;460;4124;4004;558;1264;118;925;198
464;174;1851;1119;247;361;22;285;43
227;34;888;476;52;84;11;258;20
135;40;386;396;77;82;2;146;13
320;98;853;761;83;174;21;254;23
80;45;285;326;63;109;8;120;27
545;108;1734;1297;193;236;27;544;36
91;30;509;336;60;67;8;76;9
251;54;999;663;106;108;8;155;7
1619;429;4386;4568;693;1138;92;1114;114
70;24;234;119;9;29;1;36;4
74;23;130;147;24;36;1;6;1
155;42;733;289;24;41;4;53;6
171;50;804;480;114;112;15;280;17
585;207;1838;1671;377;608;49;344;74
334;126;1380;1050;149;261;19;301;32
331;184;1366;1047;170;269;32;274;34
293;164;1628;1023;154;180;19;367;12
29;13;101;47;18;6;3;4;0
132;51;664;349;49;55;7;78;19
12;12;29;25;6;11;1;2;1
371;175;2566;1199;182;202;29;372;28
247;138;1225;746;98;129;15;174;12
707;356;2550;2138;446;677;80;661;67
171;87;846;550;105;172;9;230;17
28;9;95;51;11;7;1;11;3
81;61;433;175;31;37;6;48;5
15;8;57;37;2;5;0;11;0
58;23;290;172;22;56;10;78;3
122;80;508;372;48;67;15;65;8
99;50;350;207;46;44;9;43;6
51;26;145;131;31;40;2;42;1
164;100;639;401;58;111;19;67;12
135;63;628;291;56;65;2;91;3
25;9;171;99;22;21;0;15;0
19;6;28;49;7;24;1;10;2
13;6;25;29;11;9;1;14;0
21;30;39;48;6;28;2;16;4
38;11;114;139;21;22;2;34;8
67;63;199;174;44;72;7;34;12
53;33;102;103;19;34;4;18;6
143;74;551;457;102;136;3;124;7
514;167;1396;1072;192;255;28;232;27
149;32;640;247;46;32;3;25;1
353;132;1405;883;167;175;21;197;22
561;203;2319;1357;237;267;50;440;36
107;41;333;266;52;44;9;47;6
145;117;863;417;101;49;7;106;5
78;94;320;166;35;46;10;17;11
271;63;1099;700;116;119;10;183;7
126;25;419;373;54;62;10;136;11
176;63;791;408;86;68;36;175;7
124;29;473;319;44;36;6;45;3
255;96;1058;617;141;144;14;191;10
255;97;1154;471;123;85;11;164;16
58;44;144;184;23;57;15;29;11
6;3;6;29;3;18;1;2;2
129;91;496;332;54;68;18;86;8
17;12;41;40;7;6;1;7;1
12;10;50;79;14;16;1;22;1
16;17;52;34;7;3;1;6;0
4;2;4;4;2;0;0;1;0
8;4;32;9;5;2;1;10;0
14;5;38;35;8;5;0;6;1
9;10;56;23;4;7;1;1;0
30;11;78;48;9;11;10;11;2
9;8;48;38;3;3;0;6;4
5;12;45;28;8;7;1;4;0
102;77;643;208;32;44;11;61;6
25;25;78;25;5;3;1;5;1
1;3;1;1;0;0;0;0;0
0;2;5;6;2;1;1;0;0
3;2;35;33;3;7;0;10;0
1;2;18;3;1;3;0;1;0
13;7;54;18;10;3;0;8;1
9;5;10;8;0;0;0;5;1
343;176;1349;761;157;167;22;221;20
46;35;230;150;31;22;3;26;6
101;54;447;277;41;42;3;56;4
56;23;269;74;23;8;0;15;1
138;98;588;281;105;34;16;82;9
25;15;66;50;9;2;2;15;1
10;18;40;32;4;1;3;5;1
2;2;5;6;3;0;1;1;0
1;0;3;2;0;1;0;1;0
2;4;17;7;3;0;0;1;0
78;39;282;188;34;41;7;52;9
59;27;224;74;11;18;3;21;4
15;11;71;42;4;9;4;8;3
100;63;371;195;42;23;11;44;7
