Fecha;RENTABILIDAD
18.04.2024;11,36
17.04.2024;11,25
16.04.2024;11,52
15.04.2024;11,225
14.04.2024;10,994
13.04.2024;10,994
12.04.2024;10,994
11.04.2024;11,075
10.04.2024;11,12
09.04.2024;10,7
08.04.2024;10,715
07.04.2024;10,469
06.04.2024;10,469
05.04.2024;10,469
04.04.2024;10,453
03.04.2024;10,53
02.04.2024;10,67
01.04.2024;10,639
28.03.2024;10,436
27.03.2024;10,436
26.03.2024;10,45
25.03.2024;10,322
24.03.2024;10,322
23.03.2024;10,322
22.03.2024;10,322
21.03.2024;10,3
20.03.2024;10,37
19.03.2024;10,314
18.03.2024;10,51
17.03.2024;10,419
16.03.2024;10,419
15.03.2024;10,419
14.03.2024;10,375
13.03.2024;10,296
12.03.2024;10,296
11.03.2024;10,24
10.03.2024;10,156
09.03.2024;10,156
08.03.2024;10,156
07.03.2024;10,1
06.03.2024;10,15
05.03.2024;10,14
04.03.2024;10,16
03.03.2024;10,09
02.03.2024;10,09
01.03.2024;10,09
29.02.2024;10,14
28.02.2024;10,165
27.02.2024;10,222
26.02.2024;10,149
25.02.2024;10,079
24.02.2024;10,079
23.02.2024;10,079
22.02.2024;10,004
21.02.2024;10,02
20.02.2024;9,934
19.02.2024;9,96
18.02.2024;9,895
17.02.2024;9,895
16.02.2024;9,895
15.02.2024;9,862
14.02.2024;9,938
13.02.2024;10,071
12.02.2024;9,926
11.02.2024;9,929
10.02.2024;9,929
09.02.2024;9,929
08.02.2024;9,936
07.02.2024;9,951
06.02.2024;9,85
05.02.2024;10,216
04.02.2024;10,023
03.02.2024;10,023
02.02.2024;10,023
01.02.2024;9,744
31.01.2024;9,682
30.01.2024;9,835
29.01.2024;9,888
28.01.2024;9,896
27.01.2024;9,896
26.01.2024;9,896
25.01.2024;9,826
24.01.2024;9,85
23.01.2024;9,889
22.01.2024;9,86
21.01.2024;9,955
20.01.2024;9,955
19.01.2024;9,955
18.01.2024;9,89
17.01.2024;9,85
16.01.2024;9,79
15.01.2024;9,662
14.01.2024;9,81
13.01.2024;9,81
12.01.2024;9,81
11.01.2024;9,83
10.01.2024;9,953
09.01.2024;10,122
08.01.2024;10,28
07.01.2024;10,28
06.01.2024;10,28
05.01.2024;10,259
04.01.2024;10,28
03.01.2024;10,309
02.01.2024;10,22
29.12.2023;10,111
28.12.2023;10,111
27.12.2023;10,105
26.12.2023;10,159
25.12.2023;10,174
24.12.2023;10,174
23.12.2023;10,174
22.12.2023;10,174
21.12.2023;10,2
20.12.2023;10,23
19.12.2023;10,31
18.12.2023;10,42
17.12.2023;10,529
16.12.2023;10,529
15.12.2023;10,529
14.12.2023;10,501
13.12.2023;10,78
12.12.2023;10,935
11.12.2023;10,947
08.12.2023;10,8
07.12.2023;10,8
06.12.2023;10,7
05.12.2023;10,815
04.12.2023;10,87
03.12.2023;10,82
02.12.2023;10,82
01.12.2023;10,82
30.11.2023;11
29.11.2023;10,78
28.11.2023;10,85
27.11.2023;10,83
24.11.2023;10,838
23.11.2023;10,838
22.11.2023;10,83
21.11.2023;10,701
20.11.2023;10,798
19.11.2023;10,87
18.11.2023;10,87
17.11.2023;10,87
16.11.2023;10,839
15.11.2023;10,75
14.11.2023;10,85
10.11.2023;11,009
09.11.2023;11,009
08.11.2023;11
07.11.2023;11,085
06.11.2023;11,12
05.11.2023;11,12
04.11.2023;11,12
03.11.2023;11,12
02.11.2023;11,253
01.11.2023;11,57
31.10.2023;11,777
30.10.2023;11,851
29.10.2023;11,92
28.10.2023;11,92
27.10.2023;11,92
26.10.2023;11,95
25.10.2023;12,099
24.10.2023;12,005
23.10.2023;11,9
22.10.2023;11,801
21.10.2023;11,801
20.10.2023;11,801
19.10.2023;11,8
18.10.2023;11,803
17.10.2023;11,79
15.10.2023;11,003
13.10.2023;11,65
12.10.2023;11,69
11.10.2023;11,65
10.10.2023;12,101
09.10.2023;12,29
06.10.2023;12,28
05.10.2023;12,106
04.10.2023;11,995
03.10.2023;12,199
02.10.2023;11,95
29.09.2023;11,621
28.09.2023;12,22
27.09.2023;12,185
26.09.2023;11,941
25.09.2023;11,7
22.09.2023;11,449
21.09.2023;11,335
20.09.2023;11,148
19.09.2023;11,13
18.09.2023;10,9
15.09.2023;10,99
14.09.2023;10,951
13.09.2023;10,956
12.09.2023;11,04
11.09.2023;11,02
08.09.2023;10,97
07.09.2023;10,917
06.09.2023;11,094
05.09.2023;10,953
04.09.2023;10,846
03.09.2023;11,003
02.09.2023;11,003
01.09.2023;10,745
31.08.2023;10,63
30.08.2023;10,659
29.08.2023;10,62
28.08.2023;10,602
27.08.2023;11,003
26.08.2023;11,003
25.08.2023;10,65
24.08.2023;10,715
23.08.2023;10,76
22.08.2023;11,003
21.08.2023;10,911
20.08.2023;10,911
19.08.2023;10,911
18.08.2023;10,911
17.08.2023;11
16.08.2023;10,85
15.08.2023;69,654
14.08.2023;10,657
13.08.2023;10,55
12.08.2023;10,55
11.08.2023;10,55
10.08.2023;10,399
09.08.2023;10,428
08.08.2023;10,37
07.08.2023;10,423
06.08.2023;10,423
05.08.2023;10,423
04.08.2023;10,423
03.08.2023;10,658
02.08.2023;10,523
01.08.2023;10,36
31.07.2023;10,249
30.07.2023;10,364
29.07.2023;10,364
28.07.2023;10,354
27.07.2023;10,364
26.07.2023;10,364
25.07.2023;10,44
24.07.2023;10,42
23.07.2023;10,15
22.07.2023;10,15
21.07.2023;10,15
20.07.2023;10,081
19.07.2023;10,081
18.07.2023;9,98
17.07.2023;10,053
16.07.2023;10,07
15.07.2023;10,07
14.07.2023;10,07
13.07.2023;9,902
12.07.2023;9,899
11.07.2023;9,95
10.07.2023;10,056
09.07.2023;10,28
08.07.2023;10,28
07.07.2023;10,25
06.07.2023;10,33
05.07.2023;10,15
04.07.2023;10,06
03.07.2023;10,28
02.07.2023;10,28
01.07.2023;10,28
30.06.2023;10,07
29.06.2023;10,28
28.06.2023;10,24
27.06.2023;10,554
26.06.2023;10,545
23.06.2023;10,622
22.06.2023;10,54
21.06.2023;10,5
20.06.2023;10,599
18.06.2023;10,68
17.06.2023;10,68
16.06.2023;10,68
15.06.2023;10,82
14.06.2023;10,7
13.06.2023;10,663
10.06.2023;10,67
09.06.2023;10,67
08.06.2023;10,71
07.06.2023;10,99
06.06.2023;11
05.06.2023;11,03
04.06.2023;11,17
03.06.2023;11,17
02.06.2023;11,17
01.06.2023;11,209
31.05.2023;11,2
30.05.2023;11,17
29.05.2023;11,221
26.05.2023;11,425
25.05.2023;11,48
24.05.2023;11,39
23.05.2023;11,33
19.05.2023;11,191
18.05.2023;11,13
17.05.2023;11,04
16.05.2023;11,04
15.05.2023;11,109
12.05.2023;11,24
11.05.2023;11,34
10.05.2023;11,45
09.05.2023;11,38
08.05.2023;11,35
05.05.2023;11,5
04.05.2023;11,6
03.05.2023;11,81
02.05.2023;12,05
28.04.2023;11,95
27.04.2023;11,899
26.04.2023;11,63
25.04.2023;11,436
24.04.2023;11,41
21.04.2023;11,555
20.04.2023;11,51
19.04.2023;11,62
18.04.2023;11,526
17.04.2023;11,646
15.04.2023;11,5
14.04.2023;11,5
13.04.2023;11,54
12.04.2023;11,65
11.04.2023;11,85
10.04.2023;11,86
05.04.2023;11,4
04.04.2023;11,563
03.04.2023;11,65
31.03.2023;11,8
30.03.2023;12,01
28.03.2023;12,166
27.03.2023;12,04
24.03.2023;12,051
23.03.2023;12,14
22.03.2023;12,385
21.03.2023;12,415
18.03.2023;12,55
17.03.2023;12,55
15.03.2023;12,649
14.03.2023;12,5
13.03.2023;12,4
10.03.2023;12,349
09.03.2023;12,544
08.03.2023;12,589
07.03.2023;12,3
06.03.2023;12,4
03.03.2023;12,65
02.03.2023;13,19
01.03.2023;13,19
28.02.2023;13,3
27.02.2023;13,054
24.02.2023;13,155
23.02.2023;12,96
22.02.2023;13,099
21.02.2023;13,55
20.02.2023;13,47
19.02.2023;13,2
18.02.2023;13,2
17.02.2023;13,2
16.02.2023;12,733
14.02.2023;12,2
13.02.2023;12,181
10.02.2023;12,044
09.02.2023;11,922
08.02.2023;11,9
07.02.2023;11,61
06.02.2023;11,8
05.02.2023;11,75
04.02.2023;11,75
03.02.2023;11,75
02.02.2023;11,656
01.02.2023;11,95
31.01.2023;12,221
30.01.2023;12,24
27.01.2023;12,15
26.01.2023;12,08
25.01.2023;12,132
24.01.2023;12,202
23.01.2023;12,498
20.01.2023;12,409
19.01.2023;12,5
18.01.2023;12,2
17.01.2023;12,44
16.01.2023;12,249
15.01.2023;12,05
14.01.2023;12,05
13.01.2023;12,05
12.01.2023;12,481
10.01.2023;13,17
06.01.2023;13,3
04.01.2023;13,49
03.01.2023;13,282
02.01.2023;13,221
29.12.2022;13
28.12.2022;13
27.12.2022;12,994
26.12.2022;12,9
23.12.2022;12,7
22.12.2022;12,71
21.12.2022;12,9
20.12.2022;12,9
19.12.2022;13,02
16.12.2022;12,84
15.12.2022;12,95
14.12.2022;13,11
13.12.2022;13
12.12.2022;13,275
09.12.2022;13
07.12.2022;12,65
06.12.2022;12,46
05.12.2022;12,42
02.12.2022;12,2
01.12.2022;12,601
30.11.2022;13,07
29.11.2022;13,2
28.11.2022;13,3
26.11.2022;13,251
25.11.2022;13,251
24.11.2022;12,999
23.11.2022;13,001
22.11.2022;13,28
18.11.2022;13,44
17.11.2022;13,6
16.11.2022;13,3
15.11.2022;13,15
11.11.2022;13,5
10.11.2022;13,453
09.11.2022;13,95
08.11.2022;13,912
03.11.2022;14,5
02.11.2022;14,219
01.11.2022;14
31.10.2022;13,85
30.10.2022;13,76
29.10.2022;13,76
28.10.2022;13,76
27.10.2022;14
26.10.2022;13,7
25.10.2022;14,1
24.10.2022;14,602
21.10.2022;15
20.10.2022;15
19.10.2022;14,35
18.10.2022;14,01
14.10.2022;13,903
13.10.2022;13,6
12.10.2022;13,45
11.10.2022;13,415
10.10.2022;13,37
07.10.2022;13,12
06.10.2022;13,13
05.10.2022;12,789
04.10.2022;12,63
03.10.2022;12,666
02.10.2022;12,75
01.10.2022;12,75
30.09.2022;12,75
29.09.2022;12,78
27.09.2022;12,71
26.09.2022;12,72
23.09.2022;12,55
22.09.2022;12,48
21.09.2022;12,435
20.09.2022;12,435
19.09.2022;12,22
17.09.2022;12,4
16.09.2022;12,485
15.09.2022;12,525
14.09.2022;12,525
13.09.2022;12,659
12.09.2022;12,529
11.09.2022;12,363
10.09.2022;12,363
09.09.2022;12,363
08.09.2022;12,3
07.09.2022;12,331
06.09.2022;12,423
05.09.2022;12,35
02.09.2022;12,191
01.09.2022;12,261
30.08.2022;12,1
29.08.2022;12,06
26.08.2022;11,9
25.08.2022;12,02
23.08.2022;12,195
22.08.2022;12,165
19.08.2022;12,067
18.08.2022;11,812
14.08.2022;11,8
12.08.2022;11,8
11.08.2022;11,725
10.08.2022;11,8
09.08.2022;12,185
08.08.2022;12,179
05.08.2022;12,17
04.08.2022;11,596
03.08.2022;11,913
02.08.2022;11,885
01.08.2022;11,925
30.07.2022;12,3
29.07.2022;12,3
28.07.2022;12,7
27.07.2022;12,927
26.07.2022;12,955
25.07.2022;12,9
22.07.2022;13,076
21.07.2022;13,175
19.07.2022;13,15
18.07.2022;12,988
16.07.2022;13,27
15.07.2022;13,27
14.07.2022;13,3
13.07.2022;12,599
12.07.2022;12,667
11.07.2022;12,35
10.07.2022;11,88
09.07.2022;11,88
08.07.2022;11,88
07.07.2022;11,69
06.07.2022;11,6
05.07.2022;11,24
02.07.2022;11,5
01.07.2022;11,5
30.06.2022;11,686
29.06.2022;11,65
28.06.2022;11,65
24.06.2022;11,855
23.06.2022;11,9
22.06.2022;12,25
21.06.2022;12,122
17.06.2022;11,41
16.06.2022;11,66
15.06.2022;11,596
14.06.2022;11,83
13.06.2022;11,7
10.06.2022;11,423
09.06.2022;11,45
08.06.2022;11,55
07.06.2022;11,38
06.06.2022;11,1
03.06.2022;10,797
02.06.2022;10,8
01.06.2022;11,13
31.05.2022;10,9
29.05.2022;11,2
27.05.2022;11,2
26.05.2022;11,262
25.05.2022;11,45
24.05.2022;11,71
23.05.2022;11,65
20.05.2022;11,699
19.05.2022;11,76
18.05.2022;11,962
17.05.2022;12,085
16.05.2022;11,8
13.05.2022;11,531
12.05.2022;11,365
11.05.2022;11,26
10.05.2022;11,245
09.05.2022;11,11
06.05.2022;10,955
05.05.2022;10,75
04.05.2022;10,66
03.05.2022;10,78
02.05.2022;10,78
29.04.2022;10,578
28.04.2022;10,36
27.04.2022;10,329
26.04.2022;10,29
25.04.2022;10,151
22.04.2022;10,129
21.04.2022;9,9
20.04.2022;9,935
19.04.2022;9,999
18.04.2022;9,85
13.04.2022;9,781
12.04.2022;9,685
11.04.2022;9,917
09.04.2022;9,831
08.04.2022;9,831
07.04.2022;9,52
06.04.2022;9,422
05.04.2022;9,56
04.04.2022;9,5
01.04.2022;9,76
31.03.2022;9,923
30.03.2022;9,847
29.03.2022;9,81
28.03.2022;10,174
25.03.2022;10,29
24.03.2022;10,197
23.03.2022;10,06
22.03.2022;9,865
20.03.2022;9,793
19.03.2022;9,793
18.03.2022;9,793
17.03.2022;9,747
16.03.2022;9,78
15.03.2022;9,785
14.03.2022;9,77
12.03.2022;9,74
11.03.2022;9,74
10.03.2022;9,76
09.03.2022;9,8
08.03.2022;9,775
07.03.2022;9,765
06.03.2022;9,54
04.03.2022;9,54
03.03.2022;9,366
02.03.2022;9,57
01.03.2022;9,511
28.02.2022;9,675
26.02.2022;9,604
25.02.2022;9,604
24.02.2022;9,636
23.02.2022;9,4
22.02.2022;9,335
21.02.2022;9,225
20.02.2022;9,16
18.02.2022;9,16
17.02.2022;9,186
16.02.2022;9,15
15.02.2022;9,265
14.02.2022;9,32
13.02.2022;9,215
12.02.2022;9,215
11.02.2022;9,215
10.02.2022;9,2
09.02.2022;9,188
08.02.2022;9,15
07.02.2022;8,973
05.02.2022;8,89
04.02.2022;8,89
03.02.2022;9,06
02.02.2022;9,093
01.02.2022;9,08
31.01.2022;9,22
30.01.2022;9,285
29.01.2022;9,285
28.01.2022;9,285
27.01.2022;9,315
26.01.2022;9,26
25.01.2022;9,359
24.01.2022;9,39
23.01.2022;9,25
22.01.2022;9,25
21.01.2022;9,25
20.01.2022;9,25
19.01.2022;9,447
18.01.2022;9,49
17.01.2022;9,3
14.01.2022;9,2
13.01.2022;9,155
12.01.2022;9,178
11.01.2022;9,19
09.01.2022;9,04
08.01.2022;9,04
07.01.2022;9,04
06.01.2022;8,838
05.01.2022;8,73
04.01.2022;8,648
03.01.2022;8,472
29.12.2021;8,357
28.12.2021;8,294
22.12.2021;8,29
21.12.2021;8,25
20.12.2021;8,13
19.12.2021;8,164
18.12.2021;8,164
17.12.2021;8,164
16.12.2021;8,25
15.12.2021;8,403
14.12.2021;8,43
13.12.2021;8,302
12.12.2021;8,2
11.12.2021;8,2
10.12.2021;8,2
09.12.2021;8,2
07.12.2021;8,275
06.12.2021;8,405
03.12.2021;8,39
02.12.2021;8,39
01.12.2021;8,49
30.11.2021;8,622
29.11.2021;8,72
28.11.2021;8,77
27.11.2021;8,77
26.11.2021;8,77
25.11.2021;8,701
24.11.2021;8,733
23.11.2021;8,63
22.11.2021;8,46
19.11.2021;8,347
18.11.2021;8,27
17.11.2021;8,314
16.11.2021;8,415
13.11.2021;8,4
12.11.2021;8,4
11.11.2021;8,119
10.11.2021;8,087
09.11.2021;8,052
08.11.2021;8,14
05.11.2021;8,2
04.11.2021;8,118
03.11.2021;8,183
02.11.2021;8,074
29.10.2021;8,282
28.10.2021;8,375
27.10.2021;8,35
26.10.2021;8,29
25.10.2021;8,215
22.10.2021;8,254
21.10.2021;8,16
20.10.2021;8,09
19.10.2021;8,105
17.10.2021;8,113
16.10.2021;8,113
15.10.2021;8,113
14.10.2021;8,08
13.10.2021;8,09
12.10.2021;8,087
11.10.2021;8,118
10.10.2021;8,08
08.10.2021;8,08
07.10.2021;8,066
06.10.2021;8,096
05.10.2021;8,131
04.10.2021;8,132
01.10.2021;8,064
30.09.2021;8,071
29.09.2021;8,071
28.09.2021;8,085
27.09.2021;8,106
24.09.2021;8,17
23.09.2021;8,15
22.09.2021;8,109
21.09.2021;8,132
20.09.2021;8,119
19.09.2021;8,02
18.09.2021;8,02
17.09.2021;8,02
16.09.2021;7,939
15.09.2021;7,836
14.09.2021;7,85
13.09.2021;7,79
09.09.2021;7,804
08.09.2021;7,721
07.09.2021;7,74
06.09.2021;7,727
05.09.2021;7,682
03.09.2021;7,682
02.09.2021;7,661
01.09.2021;7,653
31.08.2021;7,622
30.08.2021;7,73
29.08.2021;7,74
28.08.2021;7,74
27.08.2021;7,74
26.08.2021;7,78
25.08.2021;7,812
24.08.2021;7,797
23.08.2021;7,827
20.08.2021;7,828
19.08.2021;7,825
18.08.2021;7,82
17.08.2021;7,761
13.08.2021;7,755
12.08.2021;7,79
11.08.2021;7,85
10.08.2021;7,899
09.08.2021;7,88
07.08.2021;7,783
06.08.2021;7,783
05.08.2021;7,685
04.08.2021;7,65
03.08.2021;7,648
02.08.2021;7,66
30.07.2021;7,682
29.07.2021;7,74
28.07.2021;7,814
27.07.2021;7,817
26.07.2021;7,749
23.07.2021;7,63
19.07.2021;7,574
16.07.2021;7,59
15.07.2021;7,596
14.07.2021;7,5
13.07.2021;7,56
12.07.2021;7,475
09.07.2021;7,465
08.07.2021;7,51
07.07.2021;7,63
06.07.2021;7,585
04.07.2021;7,61
02.07.2021;7,61
01.07.2021;7,65
30.06.2021;7,704
29.06.2021;7,6
28.06.2021;7,615
25.06.2021;7,66
24.06.2021;7,71
23.06.2021;7,635
22.06.2021;7,56
21.06.2021;7,71
18.06.2021;7,68
17.06.2021;7,58
16.06.2021;7,616
15.06.2021;7,68
11.06.2021;7,575
10.06.2021;7,53
09.06.2021;7,454
08.06.2021;7,5
04.06.2021;7,651
03.06.2021;7,814
02.06.2021;7,79
01.06.2021;7,9
31.05.2021;7,98
30.05.2021;7,99
29.05.2021;7,99
28.05.2021;7,99
27.05.2021;8
26.05.2021;8,07
25.05.2021;8,119
24.05.2021;8,2
21.05.2021;8,07
20.05.2021;8,022
19.05.2021;7,933
18.05.2021;7,854
16.05.2021;7,902
15.05.2021;7,902
14.05.2021;7,902
13.05.2021;7,9
12.05.2021;8,13
11.05.2021;8,01
10.05.2021;7,64
08.05.2021;7,55
07.05.2021;7,55
06.05.2021;7,346
05.05.2021;7,611
04.05.2021;7,75
03.05.2021;7,52
30.04.2021;7,216
29.04.2021;7,23
28.04.2021;7,207
27.04.2021;7,19
26.04.2021;7,149
23.04.2021;6,975
22.04.2021;6,97
21.04.2021;6,943
20.04.2021;6,91
19.04.2021;6,89
18.04.2021;6,874
17.04.2021;6,874
16.04.2021;6,874
15.04.2021;6,87
14.04.2021;6,97
13.04.2021;6,98
12.04.2021;7
11.04.2021;6,92
10.04.2021;6,92
09.04.2021;6,92
08.04.2021;6,773
07.04.2021;6,925
06.04.2021;7,031
05.04.2021;7,31
31.03.2021;7,32
30.03.2021;7,42
29.03.2021;7,33
26.03.2021;7,232
25.03.2021;7,214
24.03.2021;7,18
23.03.2021;7,055
21.03.2021;6,975
20.03.2021;6,975
19.03.2021;6,975
18.03.2021;6,9
17.03.2021;6,81
16.03.2021;6,71
15.03.2021;6,633
14.03.2021;6,64
13.03.2021;6,64
12.03.2021;6,64
11.03.2021;6,582
10.03.2021;6,63
09.03.2021;6,745
08.03.2021;6,823
05.03.2021;6,68
04.03.2021;6,569
03.03.2021;6,55
02.03.2021;6,37
01.03.2021;6,299
28.02.2021;6,363
27.02.2021;6,363
26.02.2021;6,363
25.02.2021;6,4
24.02.2021;6,201
23.02.2021;6,2
22.02.2021;6,22
19.02.2021;6,067
18.02.2021;5,965
17.02.2021;5,95
16.02.2021;5,98
15.02.2021;5,91
14.02.2021;5,88
12.02.2021;5,88
11.02.2021;5,895
10.02.2021;5,9
09.02.2021;5,9
08.02.2021;5,96
05.02.2021;5,909
04.02.2021;5,933
03.02.2021;5,88
02.02.2021;5,967
01.02.2021;5,955
29.01.2021;5,923
28.01.2021;5,939
27.01.2021;5,96
26.01.2021;5,93
25.01.2021;5,91
24.01.2021;5,855
23.01.2021;5,855
22.01.2021;5,855
21.01.2021;5,805
20.01.2021;5,796
19.01.2021;5,82
18.01.2021;5,817
15.01.2021;5,805
14.01.2021;5,77
13.01.2021;5,8
12.01.2021;5,85
09.01.2021;5,769
08.01.2021;5,769
07.01.2021;5,74
06.01.2021;5,71
05.01.2021;5,674
04.01.2021;5,668
30.12.2020;5,755
29.12.2020;5,78
28.12.2020;5,82
23.12.2020;5,79
22.12.2020;5,789
21.12.2020;5,75
18.12.2020;5,79
17.12.2020;5,86
16.12.2020;5,89
15.12.2020;5,899
11.12.2020;5,895
10.12.2020;5,91
09.12.2020;5,885
07.12.2020;5,89
04.12.2020;5,892
03.12.2020;5,861
02.12.2020;5,937
01.12.2020;5,935
30.11.2020;5,9
29.11.2020;5,9
28.11.2020;5,9
27.11.2020;5,9
26.11.2020;5,937
25.11.2020;5,935
24.11.2020;5,92
23.11.2020;5,953
21.11.2020;5,989
20.11.2020;5,989
19.11.2020;6,019
18.11.2020;6,01
17.11.2020;6,032
15.11.2020;6
14.11.2020;6
13.11.2020;6,01
12.11.2020;6,011
11.11.2020;6
10.11.2020;6,03
06.11.2020;5,96
05.11.2020;5,996
04.11.2020;6,12
03.11.2020;6,179
30.10.2020;6,19
29.10.2020;6,19
28.10.2020;6,22
27.10.2020;6,17
26.10.2020;6,16
25.10.2020;6,06
24.10.2020;6,06
23.10.2020;6,06
22.10.2020;6,07
21.10.2020;6,058
20.10.2020;6,001
19.10.2020;5,984
16.10.2020;5,93
15.10.2020;5,92
14.10.2020;5,93
13.10.2020;5,946
11.10.2020;5,97
10.10.2020;5,97
09.10.2020;5,97
08.10.2020;5,976
07.10.2020;6,1
06.10.2020;6,085
05.10.2020;6,1
04.10.2020;6,08
02.10.2020;6,08
01.10.2020;6,07
30.09.2020;6,03
29.09.2020;6,04
28.09.2020;6,01
27.09.2020;6,05
26.09.2020;6,05
25.09.2020;6,05
24.09.2020;6
23.09.2020;6,05
22.09.2020;6,03
18.09.2020;5,907
17.09.2020;5,859
16.09.2020;5,84
15.09.2020;5,8
14.09.2020;5,84
11.09.2020;5,9
10.09.2020;5,89
09.09.2020;5,866
08.09.2020;5,895
07.09.2020;5,817
04.09.2020;5,84
03.09.2020;5,838
02.09.2020;5,855
01.09.2020;5,95
31.08.2020;6,219
30.08.2020;6,325
29.08.2020;6,325
28.08.2020;6,325
27.08.2020;6,35
26.08.2020;6,34
25.08.2020;6,345
24.08.2020;6,3
23.08.2020;6,28
21.08.2020;6,28
20.08.2020;6,232
19.08.2020;6,27
18.08.2020;6,26
14.08.2020;6,34
13.08.2020;6,37
12.08.2020;6,32
11.08.2020;6,206
10.08.2020;6,099
06.08.2020;6,12
05.08.2020;6,2
04.08.2020;6,3
03.08.2020;6,36
31.07.2020;6,39
30.07.2020;6,416
29.07.2020;6,44
28.07.2020;6,415
27.07.2020;6,44
24.07.2020;6,445
23.07.2020;6,47
22.07.2020;6,48
21.07.2020;6,43
17.07.2020;6,48
16.07.2020;6,47
15.07.2020;6,455
14.07.2020;6,48
13.07.2020;6,47
11.07.2020;6,47
10.07.2020;6,47
09.07.2020;6,491
08.07.2020;6,53
07.07.2020;6,511
06.07.2020;6,48
04.07.2020;6,48
03.07.2020;6,48
02.07.2020;6,514
01.07.2020;6,67
30.06.2020;6,683
28.06.2020;6,73
25.06.2020;6,77
24.06.2020;6,72
23.06.2020;6,63
19.06.2020;6,585
18.06.2020;6,65
17.06.2020;6,681
12.06.2020;6,61
11.06.2020;6,753
10.06.2020;6,46
08.06.2020;6,25
05.06.2020;6,32
04.06.2020;6,36
03.06.2020;6,26
02.06.2020;6,224
01.06.2020;6,244
29.05.2020;6,242
28.05.2020;6,14
27.05.2020;6,1
26.05.2020;6,12
22.05.2020;6,24
21.05.2020;6,23
20.05.2020;6,25
19.05.2020;6,33
18.05.2020;6,36
15.05.2020;6,44
14.05.2020;6,42
13.05.2020;6,37
12.05.2020;6,36
11.05.2020;6,41
08.05.2020;6,35
07.05.2020;6,545
06.05.2020;6,64
05.05.2020;6,65
04.05.2020;6,85
30.04.2020;7,11
29.04.2020;7,125
28.04.2020;7,17
27.04.2020;7,15
24.04.2020;7,17
23.04.2020;7,09
22.04.2020;7,205
21.04.2020;7,13
20.04.2020;7,15
17.04.2020;7
16.04.2020;6,85
15.04.2020;7,125
14.04.2020;7,5
13.04.2020;7,82
08.04.2020;7,9
07.04.2020;8
06.04.2020;8,1
03.04.2020;7,93
02.04.2020;7,75
01.04.2020;7,701
31.03.2020;7,2
30.03.2020;7,2
27.03.2020;7,3
26.03.2020;7,17
25.03.2020;7,85
24.03.2020;8,659
20.03.2020;9
18.03.2020;8,87
17.03.2020;8,3
16.03.2020;8,8
14.03.2020;8,15
13.03.2020;8,15
12.03.2020;8,3
11.03.2020;7,25
10.03.2020;6,84
09.03.2020;6,767
08.03.2020;6,157
07.03.2020;6,157
06.03.2020;6,157
05.03.2020;6,012
04.03.2020;5,9
03.03.2020;6,08
02.03.2020;6,177
28.02.2020;6,247
27.02.2020;6,12
26.02.2020;5,98
25.02.2020;5,939
24.02.2020;5,947
21.02.2020;5,979
20.02.2020;6
19.02.2020;6,02
18.02.2020;5,951
17.02.2020;5,924
16.02.2020;5,95
14.02.2020;5,95
13.02.2020;6
12.02.2020;5,979
11.02.2020;5,97
10.02.2020;5,99
07.02.2020;6,031
06.02.2020;6,005
05.02.2020;6,042
04.02.2020;6,08
03.02.2020;6,025
31.01.2020;5,995
30.01.2020;6,09
29.01.2020;6,075
28.01.2020;6,115
27.01.2020;6,15
24.01.2020;6,074
23.01.2020;6,145
22.01.2020;6,15
21.01.2020;6,22
20.01.2020;6,225
17.01.2020;6,2
16.01.2020;6,225
15.01.2020;6,25
14.01.2020;6,28
13.01.2020;6,27
10.01.2020;6,23
09.01.2020;6,283
08.01.2020;6,391
07.01.2020;6,46
03.01.2020;6,5
02.01.2020;6,5
27.12.2019;6,453
26.12.2019;6,47
23.12.2019;6,428
20.12.2019;6,455
19.12.2019;6,499
18.12.2019;6,445
17.12.2019;6,443
16.12.2019;6,45
13.12.2019;6,44
12.12.2019;6,375
11.12.2019;6,365
10.12.2019;6,444
09.12.2019;6,411
06.12.2019;6,4
05.12.2019;6,4
04.12.2019;6,48
03.12.2019;6,58
02.12.2019;6,615
29.11.2019;6,628
28.11.2019;6,64
27.11.2019;6,651
26.11.2019;6,715
25.11.2019;6,625
22.11.2019;6,48
21.11.2019;6,417
20.11.2019;6,422
19.11.2019;6,47
18.11.2019;6,455
15.11.2019;6,4
14.11.2019;6,435
13.11.2019;6,476
12.11.2019;6,47
08.11.2019;6,334
07.11.2019;6,3
06.11.2019;6,23
05.11.2019;6,236
01.11.2019;6,18
31.10.2019;6,15
30.10.2019;6,24
29.10.2019;6,199
28.10.2019;6,133
25.10.2019;6,15
24.10.2019;6,14
23.10.2019;6,244
22.10.2019;6,261
21.10.2019;6,22
18.10.2019;6,19
17.10.2019;6,195
16.10.2019;6,261
15.10.2019;6,225
11.10.2019;6,18
10.10.2019;6,175
09.10.2019;6,112
08.10.2019;6,121
07.10.2019;6,145
04.10.2019;6,11
03.10.2019;6,13
02.10.2019;6,14
01.10.2019;6,142
30.09.2019;6,149
27.09.2019;6,129
26.09.2019;6,117
25.09.2019;6,12
24.09.2019;6,099
23.09.2019;6,114
20.09.2019;6,15
19.09.2019;6,141
18.09.2019;6,166
17.09.2019;6,19
16.09.2019;6,17
13.09.2019;6,21
12.09.2019;6,185
11.09.2019;6,2
10.09.2019;6,27
09.09.2019;6,23
06.09.2019;6,165
05.09.2019;6,18
04.09.2019;6,17
03.09.2019;6,24
02.09.2019;6,26
30.08.2019;6,2
29.08.2019;6,25
28.08.2019;6,25
27.08.2019;6,17
26.08.2019;6,14
23.08.2019;6,155
22.08.2019;6,134
21.08.2019;6,104
20.08.2019;6,058
16.08.2019;6,045
15.08.2019;6,112
14.08.2019;6,126
13.08.2019;6,2
12.08.2019;6,264
09.08.2019;6,21
08.08.2019;6,21
06.08.2019;6,25
05.08.2019;6,24
02.08.2019;6,12
01.08.2019;6,177
31.07.2019;6,12
30.07.2019;6,2
29.07.2019;6,147
26.07.2019;6,063
25.07.2019;6,081
24.07.2019;6,076
23.07.2019;6,125
22.07.2019;6,098
19.07.2019;6,125
18.07.2019;6,23
17.07.2019;6,19
16.07.2019;6,235
15.07.2019;6,215
12.07.2019;6,24
11.07.2019;6,231
10.07.2019;6,176
09.07.2019;6,18
08.07.2019;6,17
05.07.2019;6,155
04.07.2019;6,04
03.07.2019;6,055
02.07.2019;6,146
28.06.2019;6,309
27.06.2019;6,362
26.06.2019;6,36
25.06.2019;6,37
21.06.2019;6,391
20.06.2019;6,306
19.06.2019;6,452
18.06.2019;6,48
17.06.2019;6,52
14.06.2019;6,37
13.06.2019;6,36
12.06.2019;6,5
11.06.2019;6,511
10.06.2019;6,55
07.06.2019;6,631
06.06.2019;6,68
05.06.2019;6,696
04.06.2019;6,75
31.05.2019;6,813
30.05.2019;6,83
29.05.2019;6,86
28.05.2019;6,9
27.05.2019;6,923
24.05.2019;6,93
23.05.2019;7
22.05.2019;6,941
21.05.2019;6,954
20.05.2019;6,95
17.05.2019;6,96
16.05.2019;6,939
15.05.2019;6,948
14.05.2019;6,939
13.05.2019;6,91
10.05.2019;6,85
09.05.2019;6,9
08.05.2019;6,951
07.05.2019;7,015
06.05.2019;7,01
03.05.2019;6,994
02.05.2019;7,037
30.04.2019;6,991
29.04.2019;6,993
26.04.2019;6,95
25.04.2019;6,93
24.04.2019;6,881
23.04.2019;6,82
22.04.2019;6,8
17.04.2019;6,785
16.04.2019;6,83
15.04.2019;6,762
12.04.2019;6,75
11.04.2019;6,739
10.04.2019;6,71
09.04.2019;6,74
08.04.2019;6,76
05.04.2019;6,813
04.04.2019;6,815
03.04.2019;6,81
02.04.2019;6,823
01.04.2019;6,766
29.03.2019;6,783
28.03.2019;6,79
27.03.2019;6,78
26.03.2019;6,745
22.03.2019;6,734
21.03.2019;6,7
20.03.2019;6,82
19.03.2019;6,859
18.03.2019;6,89
15.03.2019;6,884
14.03.2019;6,915
13.03.2019;6,95
12.03.2019;6,955
11.03.2019;6,981
08.03.2019;6,99
07.03.2019;7,022
06.03.2019;7,043
05.03.2019;7,055
04.03.2019;7,069
01.03.2019;7,066
28.02.2019;7,062
27.02.2019;7,01
26.02.2019;7,016
25.02.2019;6,995
22.02.2019;7,035
21.02.2019;7,06
20.02.2019;7,049
19.02.2019;7,031
18.02.2019;7,047
15.02.2019;7,035
14.02.2019;7,065
13.02.2019;7,09
12.02.2019;7,064
11.02.2019;7,09
08.02.2019;7,037
07.02.2019;7,05
06.02.2019;7,004
05.02.2019;6,986
04.02.2019;6,993
01.02.2019;7,028
31.01.2019;7,01
30.01.2019;7,129
29.01.2019;7,14
28.01.2019;7,19
25.01.2019;7,18
24.01.2019;7,21
23.01.2019;7,23
22.01.2019;7,18
21.01.2019;7,159
18.01.2019;7,17
17.01.2019;7,19
16.01.2019;7,176
15.01.2019;7,15
14.01.2019;7,13
11.01.2019;7,11
10.01.2019;7,14
09.01.2019;7,086
08.01.2019;7,111
04.01.2019;7,2
03.01.2019;7,2
02.01.2019;7,14
28.12.2018;7,13
27.12.2018;7,15
21.12.2018;7,139
20.12.2018;7,16
19.12.2018;7,204
18.12.2018;7,265
17.12.2018;7,255
15.12.2018;7,279
14.12.2018;7,279
13.12.2018;7,242
12.12.2018;7,27
11.12.2018;7,307
10.12.2018;7,27
07.12.2018;7,273
06.12.2018;7,32
05.12.2018;7,34
04.12.2018;7,31
03.12.2018;7,31
02.12.2018;7,366
30.11.2018;7,366
29.11.2018;7,386
28.11.2018;7,473
27.11.2018;7,479
26.11.2018;7,438
23.11.2018;7,42
22.11.2018;7,38
21.11.2018;7,412
20.11.2018;7,464
19.11.2018;7,429
18.11.2018;7,383
17.11.2018;7,383
16.11.2018;7,383
15.11.2018;7,45
14.11.2018;7,458
13.11.2018;7,464
09.11.2018;7,455
08.11.2018;7,418
07.11.2018;7,396
06.11.2018;7,46
02.11.2018;95,289
01.11.2018;7,52
31.10.2018;7,539
30.10.2018;7,553
29.10.2018;7,585
26.10.2018;7,529
25.10.2018;7,509
24.10.2018;7,508
23.10.2018;7,44
22.10.2018;7,389
19.10.2018;7,384
18.10.2018;7,396
17.10.2018;7,375
16.10.2018;7,416
12.10.2018;7,455
11.10.2018;7,404
10.10.2018;7,34
09.10.2018;7,307
08.10.2018;7,313
05.10.2018;7,346
04.10.2018;7,323
03.10.2018;7,31
02.10.2018;7,273
01.10.2018;7,265
28.09.2018;7,254
27.09.2018;7,264
26.09.2018;7,273
25.09.2018;7,278
24.09.2018;7,256
21.09.2018;7,269
20.09.2018;7,257
19.09.2018;7,274
18.09.2018;7,265
17.09.2018;7,25
14.09.2018;7,275
13.09.2018;7,26
12.09.2018;7,3
11.09.2018;7,336
10.09.2018;7,358
07.09.2018;7,292
06.09.2018;7,26
05.09.2018;7,219
04.09.2018;7,2
03.09.2018;7,177
31.08.2018;7,186
30.08.2018;7,198
29.08.2018;7,187
28.08.2018;7,199
27.08.2018;7,158
24.08.2018;7,15
23.08.2018;7,17
22.08.2018;7,17
21.08.2018;7,211
17.08.2018;7,231
16.08.2018;7,239
15.08.2018;7,228
14.08.2018;7,22
13.08.2018;7,29
12.08.2018;7,225
10.08.2018;7,225
09.08.2018;7,215
08.08.2018;7,254
06.08.2018;7,26
03.08.2018;7,248
02.08.2018;7,289
01.08.2018;7,289
31.07.2018;7,266
30.07.2018;7,23
27.07.2018;7,23
26.07.2018;7,211
25.07.2018;7,22
24.07.2018;7,171
23.07.2018;7,16
19.07.2018;7,136
18.07.2018;7,14
17.07.2018;7,141
16.07.2018;7,127
13.07.2018;7,127
12.07.2018;7,108
11.07.2018;7,12
10.07.2018;7,087
09.07.2018;7,081
06.07.2018;7,075
05.07.2018;7,074
04.07.2018;7,064
03.07.2018;7,05
29.06.2018;7,099
28.06.2018;7,111
27.06.2018;7,117
26.06.2018;7,066
25.06.2018;7,077
22.06.2018;7,079
21.06.2018;7,124
20.06.2018;7,121
19.06.2018;7,088
18.06.2018;7,136
15.06.2018;7,1
14.06.2018;7,073
13.06.2018;7,059
12.06.2018;7,074
10.06.2018;7,04
09.06.2018;7,04
08.06.2018;7,04
07.06.2018;7,015
06.06.2018;6,976
05.06.2018;6,986
01.06.2018;7,026
31.05.2018;7,047
30.05.2018;7,025
29.05.2018;7,052
28.05.2018;6,999
26.05.2018;7,032
25.05.2018;7,032
24.05.2018;6,99
23.05.2018;7,051
22.05.2018;7,08
21.05.2018;7,08
20.05.2018;7,1
19.05.2018;7,1
18.05.2018;7,1
17.05.2018;7,059
16.05.2018;6,99
15.05.2018;7,005
12.05.2018;6,94
11.05.2018;6,94
10.05.2018;6,925
09.05.2018;6,994
08.05.2018;6,995
07.05.2018;6,861
05.05.2018;6,86
04.05.2018;6,86
03.05.2018;6,853
02.05.2018;6,834
01.05.2018;6,815
30.04.2018;6,815
28.04.2018;6,82
27.04.2018;6,82
26.04.2018;6,835
25.04.2018;6,84
24.04.2018;6,807
23.04.2018;6,813
21.04.2018;6,778
20.04.2018;6,778
19.04.2018;6,795
18.04.2018;6,76
17.04.2018;6,76
16.04.2018;6,755
14.04.2018;6,803
13.04.2018;6,803
12.04.2018;6,84
11.04.2018;6,8
10.04.2018;6,8
09.04.2018;6,845
07.04.2018;6,831
06.04.2018;6,831
05.04.2018;6,87
04.04.2018;6,91
03.04.2018;6,905
02.04.2018;6,925
29.03.2018;6,68
28.03.2018;6,68
27.03.2018;6,735
26.03.2018;6,82
24.03.2018;6,83
23.03.2018;6,83
22.03.2018;6,835
21.03.2018;6,823
20.03.2018;6,82
13.03.2018;6,9
12.03.2018;6,9
08.03.2018;7,05
07.03.2018;7,05
06.03.2018;7,01
05.03.2018;7,02
03.03.2018;7,05
02.03.2018;7,05
01.03.2018;7,035
28.02.2018;6,895
27.02.2018;6,858
26.02.2018;6,801
24.02.2018;6,83
23.02.2018;6,83
22.02.2018;6,841
21.02.2018;6,91
20.02.2018;6,924
19.02.2018;6,881
18.02.2018;6,885
17.02.2018;6,885
16.02.2018;6,885
15.02.2018;6,85
14.02.2018;6,85
13.02.2018;6,815
12.02.2018;6,811
10.02.2018;6,813
09.02.2018;6,813
08.02.2018;6,839
07.02.2018;6,745
06.02.2018;6,745
03.02.2018;6,69
02.02.2018;6,69
01.02.2018;6,63
31.01.2018;6,652
30.01.2018;6,7
29.01.2018;6,72
27.01.2018;6,735
26.01.2018;6,735
25.01.2018;6,709
24.01.2018;6,72
23.01.2018;6,777
22.01.2018;6,82
20.01.2018;6,79
19.01.2018;6,79
18.01.2018;6,784
17.01.2018;6,701
16.01.2018;6,68
15.01.2018;6,646
13.01.2018;6,624
12.01.2018;6,624
11.01.2018;6,58
10.01.2018;6,6
09.01.2018;6,6
06.01.2018;6,62
05.01.2018;6,62
04.01.2018;6,63
03.01.2018;6,63
02.01.2018;6,687
28.12.2017;6,689
27.12.2017;6,689
23.12.2017;6,75
22.12.2017;6,75
21.12.2017;6,759
20.12.2017;6,68
19.12.2017;6,7
18.12.2017;6,632
16.12.2017;6,695
15.12.2017;6,695
14.12.2017;6,78
13.12.2017;6,849
12.12.2017;6,9
11.12.2017;6,879
08.12.2017;6,768
07.12.2017;6,768
06.12.2017;6,713
05.12.2017;6,716
04.12.2017;6,76
02.12.2017;6,75
01.12.2017;6,75
30.11.2017;6,69
29.11.2017;6,755
28.11.2017;6,74
27.11.2017;6,823
25.11.2017;6,818
24.11.2017;6,818
23.11.2017;6,815
22.11.2017;6,831
21.11.2017;6,842
20.11.2017;6,851
18.11.2017;6,82
17.11.2017;6,82
16.11.2017;6,836
15.11.2017;6,934
14.11.2017;6,914
11.11.2017;6,896
10.11.2017;6,896
09.11.2017;6,855
08.11.2017;6,85
07.11.2017;6,87
04.11.2017;6,929
03.11.2017;6,929
02.11.2017;6,88
01.11.2017;6,879
31.10.2017;6,75
30.10.2017;6,732
29.10.2017;6,75
28.10.2017;6,75
27.10.2017;6,75
26.10.2017;6,748
25.10.2017;6,733
24.10.2017;6,75
23.10.2017;6,669
22.10.2017;6,635
21.10.2017;6,635
20.10.2017;6,635
19.10.2017;6,598
18.10.2017;6,605
17.10.2017;6,575
14.10.2017;6,547
13.10.2017;6,547
12.10.2017;6,57
11.10.2017;6,59
10.10.2017;6,59
09.10.2017;6,632
07.10.2017;6,622
06.10.2017;6,622
05.10.2017;6,61
04.10.2017;6,6
03.10.2017;6,63
02.10.2017;6,695
30.09.2017;6,689
29.09.2017;6,689
28.09.2017;6,762
27.09.2017;6,735
26.09.2017;6,698
25.09.2017;6,641
23.09.2017;6,635
22.09.2017;6,635
21.09.2017;6,68
20.09.2017;6,675
19.09.2017;6,661
18.09.2017;6,71
16.09.2017;6,668
15.09.2017;6,668
14.09.2017;6,66
13.09.2017;6,75
12.09.2017;6,697
11.09.2017;6,818
09.09.2017;6,819
08.09.2017;6,819
07.09.2017;6,895
06.09.2017;6,92
05.09.2017;6,94
04.09.2017;6,933
02.09.2017;6,92
01.09.2017;6,92
31.08.2017;6,919
30.08.2017;6,92
29.08.2017;6,927
28.08.2017;6,921
26.08.2017;6,905
25.08.2017;6,905
24.08.2017;6,92
23.08.2017;6,97
22.08.2017;6,98
19.08.2017;6,935
18.08.2017;6,935
17.08.2017;6,97
16.08.2017;6,96
15.08.2017;6,936
14.08.2017;6,92
12.08.2017;6,95
11.08.2017;6,95
10.08.2017;7,02
09.08.2017;7
08.08.2017;7,04
06.08.2017;7,13
05.08.2017;7,13
04.08.2017;7,13
03.08.2017;7,07
02.08.2017;7,041
01.08.2017;7,024
31.07.2017;7,011
29.07.2017;7,043
28.07.2017;7,043
27.07.2017;7,088
26.07.2017;7,22
25.07.2017;7,073
24.07.2017;6,98
22.07.2017;6,93
21.07.2017;6,93
20.07.2017;6,93
19.07.2017;6,93
18.07.2017;6,949
17.07.2017;6,864
16.07.2017;6,875
15.07.2017;6,875
14.07.2017;6,875
13.07.2017;6,9
12.07.2017;6,966
11.07.2017;7,035
10.07.2017;6,985
08.07.2017;7,013
07.07.2017;7,013
06.07.2017;7,02
05.07.2017;6,945
04.07.2017;6,816
02.07.2017;6,75
01.07.2017;6,75
30.06.2017;6,75
29.06.2017;6,77
28.06.2017;6,745
27.06.2017;6,621
25.06.2017;6,655
24.06.2017;6,655
23.06.2017;6,655
22.06.2017;6,658
21.06.2017;6,745
20.06.2017;6,74
17.06.2017;6,685
16.06.2017;6,685
15.06.2017;6,531
14.06.2017;6,52
13.06.2017;6,45
12.06.2017;6,42
10.06.2017;6,41
09.06.2017;6,41
08.06.2017;6,435
07.06.2017;6,372
06.06.2017;6,346
05.06.2017;6,35
03.06.2017;6,35
02.06.2017;6,35
01.06.2017;6,44
31.05.2017;6,47
30.05.2017;6,513
27.05.2017;6,53
26.05.2017;6,53
25.05.2017;6,559
24.05.2017;6,585
23.05.2017;6,56
22.05.2017;6,571
20.05.2017;6,6
19.05.2017;6,6
18.05.2017;6,59
17.05.2017;6,62
16.05.2017;6,63
15.05.2017;6,676
13.05.2017;6,62
12.05.2017;6,62
11.05.2017;6,62
10.05.2017;6,62
09.05.2017;6,525
08.05.2017;6,52
07.05.2017;6,505
06.05.2017;6,505
05.05.2017;6,505
04.05.2017;6,52
03.05.2017;6,45
02.05.2017;6,447
29.04.2017;6,477
28.04.2017;6,477
27.04.2017;6,51
26.04.2017;6,578
25.04.2017;6,61
24.04.2017;6,67
22.04.2017;6,646
21.04.2017;6,646
20.04.2017;6,64
19.04.2017;6,65
18.04.2017;6,68
17.04.2017;6,814
12.04.2017;6,8
11.04.2017;6,8
10.04.2017;6,77
08.04.2017;6,755
07.04.2017;6,755
06.04.2017;6,74
05.04.2017;6,738
04.04.2017;6,75
03.04.2017;6,765
01.04.2017;6,83
31.03.2017;6,83
30.03.2017;6,827
29.03.2017;6,801
28.03.2017;6,85
27.03.2017;6,83
26.03.2017;6,8
25.03.2017;6,8
24.03.2017;6,8
23.03.2017;6,8
22.03.2017;6,9
21.03.2017;6,93
18.03.2017;6,964
17.03.2017;6,964
16.03.2017;6,967
15.03.2017;7,06
14.03.2017;7,082
13.03.2017;7,127
11.03.2017;7,254
10.03.2017;7,254
09.03.2017;7,25
08.03.2017;7,291
07.03.2017;7,213
06.03.2017;7,279
04.03.2017;7,23
03.03.2017;7,23
02.03.2017;7,23
01.03.2017;7,205
28.02.2017;7,159
27.02.2017;7,054
25.02.2017;7,057
24.02.2017;7,057
23.02.2017;7,041
22.02.2017;7,1
21.02.2017;7,13
20.02.2017;7,185
18.02.2017;7,14
17.02.2017;7,14
16.02.2017;7,04
15.02.2017;6,918
14.02.2017;6,93
13.02.2017;6,829
11.02.2017;6,805
10.02.2017;6,805
09.02.2017;6,801
08.02.2017;6,815
07.02.2017;6,861
06.02.2017;6,952
04.02.2017;6,93
03.02.2017;6,93
02.02.2017;6,94
01.02.2017;7,02
31.01.2017;6,99
30.01.2017;6,967
28.01.2017;6,9
27.01.2017;6,9
26.01.2017;6,935
25.01.2017;6,954
24.01.2017;6,94
23.01.2017;7,02
21.01.2017;7,03
20.01.2017;7,03
19.01.2017;7,084
18.01.2017;6,973
17.01.2017;6,94
16.01.2017;6,998
14.01.2017;6,975
13.01.2017;6,975
12.01.2017;6,929
11.01.2017;6,926
10.01.2017;7,03
07.01.2017;6,94
06.01.2017;6,94
05.01.2017;7,14
04.01.2017;7,224
03.01.2017;7,32
02.01.2017;7,34
30.12.2016;7,307
29.12.2016;7,307
28.12.2016;7,38
27.12.2016;7,354
26.12.2016;7,378
23.12.2016;7,371
22.12.2016;7,371
21.12.2016;7,37
20.12.2016;7,45
19.12.2016;7,45
17.12.2016;7,575
16.12.2016;7,575
15.12.2016;7,54
14.12.2016;7,494
13.12.2016;7,449
12.12.2016;7,46
10.12.2016;7,522
09.12.2016;7,52
08.12.2016;7,434
07.12.2016;7,434
06.12.2016;7,5
05.12.2016;7,503
03.12.2016;7,575
02.12.2016;7,575
01.12.2016;7,625
30.11.2016;7,555
29.11.2016;7,56
28.11.2016;7,579
26.11.2016;7,61
25.11.2016;7,61
24.11.2016;7,721
23.11.2016;7,751
22.11.2016;7,8
21.11.2016;7,9
19.11.2016;7,9
18.11.2016;7,9
17.11.2016;7,68
16.11.2016;7,611
15.11.2016;7,64
12.11.2016;7,775
11.11.2016;7,775
10.11.2016;7,65
09.11.2016;7,419
08.11.2016;7,35
05.11.2016;7,427
04.11.2016;7,427
03.11.2016;7,43
02.11.2016;7,555
01.11.2016;7,56
31.10.2016;7,469
29.10.2016;7,455
28.10.2016;7,455
27.10.2016;7,445
26.10.2016;7,38
25.10.2016;7,452
24.10.2016;7,35
22.10.2016;7,354
21.10.2016;7,235
20.10.2016;7,29
19.10.2016;7,29
18.10.2016;7,22
15.10.2016;7,17
14.10.2016;7,17
13.10.2016;7,215
12.10.2016;7,203
11.10.2016;7,21
10.10.2016;7,175
08.10.2016;7,344
07.10.2016;7,344
06.10.2016;7,25
05.10.2016;7,25
04.10.2016;7,32
03.10.2016;7,29
01.10.2016;7,15
30.09.2016;7,15
29.09.2016;7,145
28.09.2016;7,115
27.09.2016;7,154
26.09.2016;7,228
25.09.2016;7,177
24.09.2016;7,177
23.09.2016;7,177
22.09.2016;7,145
21.09.2016;7,269
20.09.2016;7,332
19.09.2016;7,385
17.09.2016;7,36
16.09.2016;7,36
15.09.2016;7,265
14.09.2016;7,28
13.09.2016;7,32
12.09.2016;7,23
10.09.2016;7,239
09.09.2016;7,24
08.09.2016;7,09
07.09.2016;7,15
06.09.2016;7,23
05.09.2016;7,387
03.09.2016;7,485
02.09.2016;7,485
01.09.2016;7,525
31.08.2016;7,58
30.08.2016;7,63
29.08.2016;7,571
27.08.2016;7,445
26.08.2016;7,445
25.08.2016;7,4
24.08.2016;7,445
23.08.2016;7,375
22.08.2016;7,4
20.08.2016;7,417
19.08.2016;7,417
18.08.2016;7,405
17.08.2016;7,47
16.08.2016;7,54
14.08.2016;7,56
13.08.2016;7,56
12.08.2016;7,56
11.08.2016;7,58
10.08.2016;7,585
09.08.2016;7,605
08.08.2016;7,606
06.08.2016;7,6
05.08.2016;7,6
04.08.2016;7,68
03.08.2016;7,73
02.08.2016;7,78
01.08.2016;7,741
30.07.2016;7,721
29.07.2016;7,721
28.07.2016;7,668
27.07.2016;7,68
26.07.2016;7,647
25.07.2016;7,7
23.07.2016;7,555
22.07.2016;7,555
21.07.2016;7,633
20.07.2016;7,839
19.07.2016;7,839
18.07.2016;7,78
16.07.2016;7,78
15.07.2016;7,78
14.07.2016;7,721
13.07.2016;7,7
12.07.2016;7,68
11.07.2016;7,67
10.07.2016;7,54
09.07.2016;7,54
08.07.2016;7,54
07.07.2016;7,63
06.07.2016;7,59
05.07.2016;7,56
03.07.2016;7,56
02.07.2016;7,56
01.07.2016;7,56
30.06.2016;7,653
29.06.2016;7,59
28.06.2016;7,771
27.06.2016;8,015
26.06.2016;8,105
25.06.2016;8,105
24.06.2016;8,105
23.06.2016;8,16
22.06.2016;8,18
21.06.2016;8,134
20.06.2016;8,06
18.06.2016;8,076
17.06.2016;8,076
16.06.2016;8,1
15.06.2016;8,039
14.06.2016;8
13.06.2016;8,132
11.06.2016;8,125
10.06.2016;8,125
09.06.2016;8,05
08.06.2016;8,082
07.06.2016;8,069
04.06.2016;8,065
03.06.2016;8,065
02.06.2016;8,05
01.06.2016;8,17
31.05.2016;8,22
28.05.2016;8,304
27.05.2016;8,304
26.05.2016;8,275
25.05.2016;8,3
24.05.2016;8,32
23.05.2016;8,325
21.05.2016;8,27
20.05.2016;8,27
19.05.2016;8,27
18.05.2016;8,2
17.05.2016;8,185
16.05.2016;8,244
14.05.2016;8,248
13.05.2016;8,248
12.05.2016;8,31
11.05.2016;8,33
10.05.2016;8,375
07.05.2016;8,41
06.05.2016;8,41
05.05.2016;8,412
04.05.2016;8,42
03.05.2016;8,38
02.05.2016;8,403
30.04.2016;8,39
29.04.2016;8,39
28.04.2016;8,3
27.04.2016;8,35
26.04.2016;8,409
25.04.2016;8,383
23.04.2016;8,34
22.04.2016;8,34
21.04.2016;8,355
20.04.2016;8,293
19.04.2016;8,27
18.04.2016;8,268
16.04.2016;8,389
15.04.2016;8,389
14.04.2016;8,35
13.04.2016;8,405
12.04.2016;8,475
11.04.2016;8,501
09.04.2016;8,499
08.04.2016;8,499
07.04.2016;8,498
06.04.2016;8,35
05.04.2016;8,285
04.04.2016;8,33
02.04.2016;8,36
01.04.2016;8,36
31.03.2016;8,45
30.03.2016;8,577
29.03.2016;8,607
28.03.2016;8,6
24.03.2016;8,62
23.03.2016;8,62
22.03.2016;8,58
19.03.2016;8,523
18.03.2016;8,523
17.03.2016;8,51
16.03.2016;8,755
15.03.2016;8,86
14.03.2016;8,86
12.03.2016;8,74
11.03.2016;8,74
10.03.2016;8,811
09.03.2016;8,891
08.03.2016;9,055
07.03.2016;8,89
05.03.2016;9,085
04.03.2016;9,03
03.03.2016;9,09
02.03.2016;9,22
01.03.2016;9,22
29.02.2016;9,22
27.02.2016;9,34
26.02.2016;9,34
25.02.2016;9,35
24.02.2016;9,3
23.02.2016;9,3
22.02.2016;9,24
20.02.2016;9,45
19.02.2016;9,45
18.02.2016;9,42
17.02.2016;9,42
16.02.2016;9,59
15.02.2016;9,67
14.02.2016;9,67
13.02.2016;9,67
12.02.2016;9,72
11.02.2016;9,53
10.02.2016;9,44
09.02.2016;9,34
08.02.2016;9,34
06.02.2016;9,36
05.02.2016;9,34
04.02.2016;9,38
03.02.2016;9,41
02.02.2016;9,41
01.02.2016;9,25
30.01.2016;9,297
29.01.2016;9,25
28.01.2016;9,35
27.01.2016;9,38
26.01.2016;9,38
25.01.2016;9,42
23.01.2016;9,34
22.01.2016;9,34
21.01.2016;9,35
20.01.2016;9,35
19.01.2016;9,24
18.01.2016;9,24
16.01.2016;9,13
15.01.2016;9,13
14.01.2016;9,17
13.01.2016;9,17
12.01.2016;9,14
11.01.2016;9,14
10.01.2016;9,14
09.01.2016;9,14
08.01.2016;9,14
07.01.2016;9,08
06.01.2016;9,03
05.01.2016;9,03
04.01.2016;9,03
31.12.2015;9
30.12.2015;9
29.12.2015;8,965
28.12.2015;9
18.12.2015;9,11
17.12.2015;9,04
16.12.2015;9,11
15.12.2015;9,113
14.12.2015;9,1
12.12.2015;9,05
11.12.2015;9,05
10.12.2015;8,92
09.12.2015;8,8
08.12.2015;8,8
07.12.2015;8,8
05.12.2015;8,79
04.12.2015;8,76
03.12.2015;8,72
02.12.2015;8,63
01.12.2015;8,72
30.11.2015;8,79
28.11.2015;8,79
27.11.2015;8,79
26.11.2015;8,79
25.11.2015;8,72
24.11.2015;8,72
23.11.2015;8,72
22.11.2015;8,75
21.11.2015;8,75
20.11.2015;8,71
19.11.2015;8,71
18.11.2015;8,69
17.11.2015;8,72
16.11.2015;8,72
13.11.2015;8,51
12.11.2015;8,51
11.11.2015;8,51
10.11.2015;8,46
09.11.2015;8,33
07.11.2015;8,33
06.11.2015;8,33
05.11.2015;8,33
04.11.2015;8,279
03.11.2015;8,3
02.11.2015;8,3
31.10.2015;8,3
30.10.2015;8,3
29.10.2015;8,3
28.10.2015;8,29
27.10.2015;8,3
26.10.2015;8,27
24.10.2015;8,21
23.10.2015;8,21
22.10.2015;8,21
21.10.2015;8,27
20.10.2015;8,27
19.10.2015;8,27
18.10.2015;8,19
17.10.2015;8,19
16.10.2015;8,16
15.10.2015;8,21
14.10.2015;8,22
13.10.2015;8,19
10.10.2015;8,19
09.10.2015;8,19
08.10.2015;8,19
07.10.2015;8,198
06.10.2015;8,14
05.10.2015;8,18
03.10.2015;8,28
02.10.2015;8,28
01.10.2015;8,47
30.09.2015;8,49
29.09.2015;8,62
28.09.2015;8,61
27.09.2015;8,43
26.09.2015;8,43
25.09.2015;8,43
24.09.2015;8,46
23.09.2015;8,45
22.09.2015;8,45
21.09.2015;8,22
19.09.2015;8,48
18.09.2015;8,48
17.09.2015;8,43
16.09.2015;8,5
15.09.2015;8,658
14.09.2015;8,6
12.09.2015;8,648
11.09.2015;8,534
10.09.2015;8,648
09.09.2015;8,72
08.09.2015;8,8
07.09.2015;8,719
05.09.2015;8,58
04.09.2015;8,58
03.09.2015;8,52
02.09.2015;8,45
01.09.2015;8,35
31.08.2015;8,33
29.08.2015;8,44
28.08.2015;8,44
27.08.2015;8,44
26.08.2015;8,32
25.08.2015;8,32
24.08.2015;8,37
22.08.2015;8,22
21.08.2015;8,22
20.08.2015;7,993
19.08.2015;7,961
18.08.2015;7,994
17.08.2015;7,97
15.08.2015;7,97
14.08.2015;7,97
13.08.2015;7,97
12.08.2015;7,99
11.08.2015;7,99
10.08.2015;7,93
07.08.2015;7,93
06.08.2015;7,93
05.08.2015;7,93
04.08.2015;7,93
03.08.2015;7,91
01.08.2015;7,785
31.07.2015;7,785
30.07.2015;7,81
29.07.2015;7,809
28.07.2015;7,81
27.07.2015;7,829
25.07.2015;7,84
24.07.2015;7,84
23.07.2015;7,79
22.07.2015;7,86
21.07.2015;7,92
20.07.2015;7,93
18.07.2015;7,93
17.07.2015;7,93
16.07.2015;7,91
15.07.2015;7,9
14.07.2015;7,94
13.07.2015;7,97
11.07.2015;7,94
10.07.2015;7,94
09.07.2015;7,9
08.07.2015;7,94
07.07.2015;7,938
06.07.2015;7,948
04.07.2015;7,957
03.07.2015;7,957
02.07.2015;7,926
01.07.2015;7,92
30.06.2015;7,92
29.06.2015;7,98
27.06.2015;7,98
26.06.2015;7,98
25.06.2015;7,82
24.06.2015;7,82
23.06.2015;7,74
22.06.2015;7,71
20.06.2015;7,705
19.06.2015;7,705
18.06.2015;7,75
17.06.2015;7,64
16.06.2015;7,63
15.06.2015;7,63
13.06.2015;7,636
12.06.2015;7,636
11.06.2015;7,67
10.06.2015;7,67
09.06.2015;7,67
08.06.2015;7,67
07.06.2015;7,67
06.06.2015;7,67
05.06.2015;7,67
04.06.2015;7,61
03.06.2015;7,52
02.06.2015;7,53
01.06.2015;7,5
30.05.2015;7,5
29.05.2015;7,5
28.05.2015;7,51
27.05.2015;7,58
26.05.2015;7,54
25.05.2015;7,54
23.05.2015;7,57
22.05.2015;7,518
21.05.2015;7,53
20.05.2015;7,56
19.05.2015;7,56
18.05.2015;7,51
16.05.2015;7,51
15.05.2015;7,51
14.05.2015;7,56
13.05.2015;7,58
12.05.2015;7,58
11.05.2015;7,56
09.05.2015;7,48
08.05.2015;7,48
07.05.2015;7,51
06.05.2015;7,51
05.05.2015;7,5
04.05.2015;7,37
01.05.2015;7,37
30.04.2015;7,37
29.04.2015;7,33
28.04.2015;7,33
27.04.2015;7,29
25.04.2015;7,29
24.04.2015;7,31
23.04.2015;7,39
22.04.2015;7,37
21.04.2015;7,37
20.04.2015;7,33
18.04.2015;7,33
17.04.2015;7,33
16.04.2015;7,365
15.04.2015;7,33
14.04.2015;7,366
13.04.2015;7,42
11.04.2015;7,43
10.04.2015;7,43
09.04.2015;7,4
08.04.2015;7,5
07.04.2015;7,46
06.04.2015;7,46
02.04.2015;7,58
01.04.2015;7,58
31.03.2015;7,71
30.03.2015;7,71
28.03.2015;7,6
27.03.2015;7,6
26.03.2015;7,543
25.03.2015;7,44
24.03.2015;7,44
23.03.2015;7,49
21.03.2015;7,49
20.03.2015;7,49
19.03.2015;7,67
18.03.2015;7,67
17.03.2015;7,6
16.03.2015;7,69
14.03.2015;7,73
13.03.2015;7,66
12.03.2015;7,54
11.03.2015;7,65
10.03.2015;7,62
09.03.2015;7,62
07.03.2015;7,53
06.03.2015;7,484
05.03.2015;7,33
04.03.2015;7,29
03.03.2015;7,24
02.03.2015;7,18
28.02.2015;7,18
27.02.2015;7,18
26.02.2015;7,15
25.02.2015;7,17
24.02.2015;7,21
23.02.2015;7,31
21.02.2015;7,31
20.02.2015;7,31
19.02.2015;7,29
18.02.2015;7,29
17.02.2015;7,275
16.02.2015;7,19
14.02.2015;7,24
13.02.2015;7,24
12.02.2015;7,33
11.02.2015;7,33
10.02.2015;7,21
09.02.2015;7,18
07.02.2015;7,18
06.02.2015;7,182
05.02.2015;7,089
04.02.2015;7,065
03.02.2015;6,98
02.02.2015;7,03
01.02.2015;7,05
31.01.2015;7,05
30.01.2015;7,05
29.01.2015;7,179
28.01.2015;7,035
27.01.2015;7,023
26.01.2015;7,01
24.01.2015;7,179
23.01.2015;7,179
22.01.2015;7,073
21.01.2015;7,15
20.01.2015;7,179
19.01.2015;7,04
